article_code,article_name,in_article_master,article_name_article_master,in_menu,article_name_menu,article_name_any_history,observed_in_any_history,periods_observed,first_observed_period_index,last_observed_period_index,first_observed_period_start,last_observed_period_start,last_observed_period_end,article_name_history,units_total_history,periods_since_last_observed,observed_last_4_periods,observed_last_8_periods,observed_latest_complete_period,observed_in_complete_history,explicit_active_article_master,explicit_inactive_article_master,explicit_signal_article_master,explicit_active_menu,explicit_inactive_menu,explicit_signal_menu,explicit_active_any,explicit_inactive_any,explicit_status_conflict,explicit_signal_available,activity_status,manual_review_required,forecast_eligible_recommended,forecast_scope_reason
1,NUESTRAS CROQUETAS DE JAMON,True,NUESTRAS CROQUETAS DE JAMON,True,NUESTRAS CROQUETAS DE JAMON,NUESTRAS CROQUETAS DE JAMON,True,39.0,0.0,38.0,2025-10-06,2026-06-29,2026-07-05,NUESTRAS CROQUETAS DE JAMON,1054.0,0,True,True,True,True,False,False,False,False,False,False,False,False,False,False,recent_observed,False,True,included_recent_demand_history
2,RAVIOLI DE RABO DE TERNERA,True,RAVIOLI DE RABO DE TERNERA,True,RAVIOLI DE RABO DE TERNERA,RAVIOLI DE RABO DE TERNERA,True,39.0,0.0,38.0,2025-10-06,2026-06-29,2026-07-05,RAVIOLI DE RABO DE TERNERA,2378.0,0,True,True,True,True,False,False,False,False,False,False,False,False,False,False,recent_observed,False,True,included_recent_demand_history
3,NUESTRAS PATATAS BRAVAS,True,NUESTRAS PATATAS BRAVAS,True,NUESTRAS PATATAS BRAVAS,NUESTRAS PATATAS BRAVAS,True,39.0,0.0,38.0,2025-10-06,2026-06-29,2026-07-05,NUESTRAS PATATAS BRAVAS,683.0,0,True,True,True,True,False,False,False,False,False,False,False,False,False,False,recent_observed,False,True,included_recent_demand_history
10,KIMUCHI DE MARISCOS,True,KIMUCHI DE MARISCOS,True,KIMUCHI DE MARISCOS,KIMUCHI DE MARISCOS,True,39.0,0.0,38.0,2025-10-06,2026-06-29,2026-07-05,KIMUCHI DE MARISCOS,1105.0,0,True,True,True,True,False,False,False,False,False,False,False,False,False,False,recent_observed,False,True,included_recent_demand_history
11,BOMBONES DE FOIE,True,BOMBONES DE FOIE,True,BOMBONES DE FOIE,BOMBONES DE FOIE,True,39.0,0.0,38.0,2025-10-06,2026-06-29,2026-07-05,BOMBONES DE FOIE,494.0,0,True,True,True,True,False,False,False,False,False,False,False,False,False,False,recent_observed,False,True,included_recent_demand_history
30,CHIPIRONES A LA PLANCA,True,CHIPIRONES A LA PLANCA,True,CHIPIRONES A LA PLANCA,CHIPIRONES A LA PLANCA,True,39.0,0.0,38.0,2025-10-06,2026-06-29,2026-07-05,CHIPIRONES A LA PLANCA,435.0,0,True,True,True,True,False,False,False,False,False,False,False,False,False,False,recent_observed,False,True,included_recent_demand_history
35,COCA COLA,True,COCA COLA,True,COCA COLA,COCA COLA,True,39.0,0.0,38.0,2025-10-06,2026-06-29,2026-07-05,COCA COLA,577.0,0,True,True,True,True,False,False,False,False,False,False,False,False,False,False,recent_observed,False,True,included_recent_demand_history
37,COCA COLA ZERO,True,COCA COLA ZERO,True,COCA COLA ZERO,COCA COLA ZERO,True,39.0,0.0,38.0,2025-10-06,2026-06-29,2026-07-05,COCA COLA ZERO,1335.0,0,True,True,True,True,False,False,False,False,False,False,False,False,False,False,recent_observed,False,True,included_recent_demand_history
38,NESTEA,True,NESTEA,True,NESTEA,NESTEA,True,39.0,0.0,38.0,2025-10-06,2026-06-29,2026-07-05,NESTEA,281.0,0,True,True,True,True,False,False,False,False,False,False,False,False,False,False,recent_observed,False,True,included_recent_demand_history
39,AQUARIUS,True,AQUARIUS,True,AQUARIUS,AQUARIUS,True,38.0,0.0,38.0,2025-10-06,2026-06-29,2026-07-05,AQUARIUS,323.0,0,True,True,True,True,False,False,False,False,False,False,False,False,False,False,recent_observed,False,True,included_recent_demand_history
40,SPRITE,True,SPRITE,True,SPRITE,SPRITE,True,29.0,1.0,38.0,2025-10-13,2026-06-29,2026-07-05,SPRITE,74.0,0,True,True,True,True,False,False,False,False,False,False,False,False,False,False,recent_observed,False,True,included_recent_demand_history
41,TONICA,True,TONICA,True,TONICA,TONICA,True,29.0,0.0,38.0,2025-10-06,2026-06-29,2026-07-05,TONICA,54.0,0,True,True,True,True,False,False,False,False,False,False,False,False,False,False,recent_observed,False,True,included_recent_demand_history
46,REFRESCO LIMON,True,REFRESCO LIMON,True,REFRESCO LIMON,REFRESCO LIMON,True,29.0,0.0,38.0,2025-10-06,2026-06-29,2026-07-05,REFRESCO LIMON,68.0,0,True,True,True,True,False,False,False,False,False,False,False,False,False,False,recent_observed,False,True,included_recent_demand_history
47,REFRESCO NARANJA,True,REFRESCO NARANJA,True,REFRESCO NARANJA,REFRESCO NARANJA,True,33.0,0.0,38.0,2025-10-06,2026-06-29,2026-07-05,REFRESCO NARANJA,94.0,0,True,True,True,True,False,False,False,False,False,False,False,False,False,False,recent_observed,False,True,included_recent_demand_history
48,AGUA CRISTAL,True,AGUA CRISTAL,True,AGUA CRISTAL,AGUA CRISTAL,True,39.0,0.0,38.0,2025-10-06,2026-06-29,2026-07-05,AGUA CRISTAL,1699.0,0,True,True,True,True,False,False,False,False,False,False,False,False,False,False,recent_observed,False,True,included_recent_demand_history
49,AGUA CON GAS,True,AGUA CON GAS,True,AGUA CON GAS,AGUA CON GAS,True,39.0,0.0,38.0,2025-10-06,2026-06-29,2026-07-05,AGUA CON GAS,1370.0,0,True,True,True,True,False,False,False,False,False,False,False,False,False,False,recent_observed,False,True,included_recent_demand_history
82,LA ESCUCHA BIERZO,True,LA ESCUCHA BIERZO,True,LA ESCUCHA BIERZO,LA ESCUCHA BIERZO,True,36.0,0.0,38.0,2025-10-06,2026-06-29,2026-07-05,LA ESCUCHA BIERZO,337.0,0,True,True,True,True,False,False,False,False,False,False,False,False,False,False,recent_observed,False,True,included_recent_demand_history
96,RACIÓN DE PAN,True,RACIÓN DE PAN,True,RACIÓN DE PAN,RACIÓN DE PAN,True,39.0,0.0,38.0,2025-10-06,2026-06-29,2026-07-05,RACIÓN DE PAN,14908.0,0,True,True,True,True,False,False,False,False,False,False,False,False,False,False,recent_observed,False,True,included_recent_demand_history
1504,TORRIJA,True,TORRIJA,True,TORRIJA,TORRIJA,True,39.0,0.0,38.0,2025-10-06,2026-06-29,2026-07-05,TORRIJA,950.0,0,True,True,True,True,False,False,False,False,False,False,False,False,False,False,recent_observed,False,True,included_recent_demand_history
1505,TARTA DE QUESO,True,TARTA DE QUESO,True,TARTA DE QUESO,TARTA DE QUESO,True,39.0,0.0,38.0,2025-10-06,2026-06-29,2026-07-05,TARTA DE QUESO,691.0,0,True,True,True,True,False,False,False,False,False,False,False,False,False,False,recent_observed,False,True,included_recent_demand_history
1507,OTROS DESCRIPCIÓN,True,OTROS DESCRIPCIÓN,True,OTROS DESCRIPCIÓN,OTROS DESCRIPCIÓN,True,39.0,0.0,38.0,2025-10-06,2026-06-29,2026-07-05,OTROS DESCRIPCIÓN,825.0,0,True,True,True,True,False,False,False,False,False,False,False,False,False,False,recent_observed,False,True,included_recent_demand_history
1523,TINTO DE VERANO,True,TINTO DE VERANO,True,TINTO DE VERANO,TINTO DE VERANO,True,39.0,0.0,38.0,2025-10-06,2026-06-29,2026-07-05,TINTO DE VERANO,1097.0,0,True,True,True,True,False,False,False,False,False,False,False,False,False,False,recent_observed,False,True,included_recent_demand_history
1537,ZUMO DE TOMATE PREPARADO,True,ZUMO DE TOMATE PREPARADO,True,ZUMO DE TOMATE PREPARADO,ZUMO DE TOMATE PREPARADO,True,37.0,0.0,38.0,2025-10-06,2026-06-29,2026-07-05,ZUMO DE TOMATE PREPARADO,115.0,0,True,True,True,True,False,False,False,False,False,False,False,False,False,False,recent_observed,False,True,included_recent_demand_history
1573,SEAGRAMS,True,SEAGRAMS,True,SEAGRAMS,SEAGRAMS,True,23.0,0.0,38.0,2025-10-06,2026-06-29,2026-07-05,SEAGRAMS,78.0,0,True,True,True,True,False,False,False,False,False,False,False,False,False,False,recent_observed,False,True,included_recent_demand_history
1631,PULPO A LA BRASA,True,PULPO A LA BRASA,True,PULPO A LA BRASA,PULPO A LA BRASA,True,39.0,0.0,38.0,2025-10-06,2026-06-29,2026-07-05,PULPO A LA BRASA,398.0,0,True,True,True,True,False,False,False,False,False,False,False,False,False,False,recent_observed,False,True,included_recent_demand_history
1632,HAMBURGUESA DE VACA  ANGUS A LA BRASA,True,HAMBURGUESA DE VACA  ANGUS A LA BRASA,True,HAMBURGUESA DE VACA  ANGUS A LA BRASA,HAMBURGUESA DE VACA  ANGUS A LA BRASA,True,39.0,0.0,38.0,2025-10-06,2026-06-29,2026-07-05,HAMBURGUESA DE VACA  ANGUS A LA BRASA,697.0,0,True,True,True,True,False,False,False,False,False,False,False,False,False,False,recent_observed,False,True,included_recent_demand_history
1633,CHULETON DE VACA VIEJA,True,CHULETON DE VACA VIEJA,True,CHULETON DE VACA VIEJA,CHULETON DE VACA VIEJA,True,39.0,0.0,38.0,2025-10-06,2026-06-29,2026-07-05,CHULETON DE VACA VIEJA,539.0,0,True,True,True,True,False,False,False,False,False,False,False,False,False,False,recent_observed,False,True,included_recent_demand_history
1637,COPA DE VICTORIA,True,COPA DE VICTORIA,True,COPA DE VICTORIA,COPA DE VICTORIA,True,39.0,0.0,38.0,2025-10-06,2026-06-29,2026-07-05,COPA DE VICTORIA,5119.0,0,True,True,True,True,False,False,False,False,False,False,False,False,False,False,recent_observed,False,True,included_recent_demand_history
1652,CHIPIRONES FRITOS CON HUEVO,True,CHIPIRONES FRITOS CON HUEVO,True,CHIPIRONES FRITOS CON HUEVO,CHIPIRONES FRITOS CON HUEVO,True,39.0,0.0,38.0,2025-10-06,2026-06-29,2026-07-05,CHIPIRONES FRITOS CON HUEVO,388.0,0,True,True,True,True,False,False,False,False,False,False,False,False,False,False,recent_observed,False,True,included_recent_demand_history
1662,TORTILLA DE BETANZOS,True,TORTILLA DE BETANZOS,True,TORTILLA DE BETANZOS,TORTILLA DE BETANZOS,True,39.0,0.0,38.0,2025-10-06,2026-06-29,2026-07-05,TORTILLA DE BETANZOS,724.0,0,True,True,True,True,False,False,False,False,False,False,False,False,False,False,recent_observed,False,True,included_recent_demand_history
1690,CAFÉ E INFUSIONES,True,CAFÉ E INFUSIONES,True,CAFÉ E INFUSIONES,CAFÉ E INFUSIONES,True,39.0,0.0,38.0,2025-10-06,2026-06-29,2026-07-05,CAFÉ E INFUSIONES,4480.0,0,True,True,True,True,False,False,False,False,False,False,False,False,False,False,recent_observed,False,True,included_recent_demand_history
1691,CERVEZA VICTORIA,True,CERVEZA VICTORIA,True,CERVEZA VICTORIA,CERVEZA VICTORIA,True,39.0,0.0,38.0,2025-10-06,2026-06-29,2026-07-05,CERVEZA VICTORIA,2016.0,0,True,True,True,True,False,False,False,False,False,False,False,False,False,False,recent_observed,False,True,included_recent_demand_history
1692,"VICTORIA 0,0 RUBIA",True,"VICTORIA 0,0 RUBIA",True,"VICTORIA 0,0 RUBIA","VICTORIA 0,0 RUBIA",True,39.0,0.0,38.0,2025-10-06,2026-06-29,2026-07-05,"VICTORIA 0,0 RUBIA",567.0,0,True,True,True,True,False,False,False,False,False,False,False,False,False,False,recent_observed,False,True,included_recent_demand_history
1698,BARCELO,True,BARCELO,True,BARCELO,BARCELO,True,12.0,0.0,38.0,2025-10-06,2026-06-29,2026-07-05,BARCELO,33.0,0,True,True,True,True,False,False,False,False,False,False,False,False,False,False,recent_observed,False,True,included_recent_demand_history
1701,BEEFEATER,True,BEEFEATER,True,BEEFEATER,BEEFEATER,True,22.0,0.0,38.0,2025-10-06,2026-06-29,2026-07-05,BEEFEATER,58.0,0,True,True,True,True,False,False,False,False,False,False,False,False,False,False,recent_observed,False,True,included_recent_demand_history
1706,LICORES VARIOS,True,LICORES VARIOS,True,LICORES VARIOS,LICORES VARIOS,True,17.0,0.0,38.0,2025-10-06,2026-06-29,2026-07-05,LICORES VARIOS,54.0,0,True,True,True,True,False,False,False,False,False,False,False,False,False,False,recent_observed,False,True,included_recent_demand_history
1723,COPA DE HELADO,True,COPA DE HELADO,True,COPA DE HELADO,COPA DE HELADO,True,39.0,0.0,38.0,2025-10-06,2026-06-29,2026-07-05,COPA DE HELADO,369.0,0,True,True,True,True,False,False,False,False,False,False,False,False,False,False,recent_observed,False,True,included_recent_demand_history
1726,COPA  DE VICTORIA DIEZ,True,COPA  DE VICTORIA DIEZ,True,COPA  DE VICTORIA DIEZ,COPA  DE VICTORIA DIEZ,True,39.0,0.0,38.0,2025-10-06,2026-06-29,2026-07-05,COPA  DE VICTORIA DIEZ,470.0,0,True,True,True,True,False,False,False,False,False,False,False,False,False,False,recent_observed,False,True,included_recent_demand_history
1739,CREMOSO DE CHOCOLATE,True,CREMOSO DE CHOCOLATE,True,CREMOSO DE CHOCOLATE,CREMOSO DE CHOCOLATE,True,37.0,0.0,38.0,2025-10-06,2026-06-29,2026-07-05,CREMOSO DE CHOCOLATE,182.0,0,True,True,True,True,False,False,False,False,False,False,False,False,False,False,recent_observed,False,True,included_recent_demand_history
1740,CERVEZA VICTORIA DIEZ,True,CERVEZA VICTORIA DIEZ,True,CERVEZA VICTORIA DIEZ,CERVEZA VICTORIA DIEZ,True,37.0,0.0,38.0,2025-10-06,2026-06-29,2026-07-05,CERVEZA VICTORIA DIEZ,150.0,0,True,True,True,True,False,False,False,False,False,False,False,False,False,False,recent_observed,False,True,included_recent_demand_history
1747,TARTAR DE ATUN,True,TARTAR DE ATUN,True,TARTAR DE ATUN,TARTAR DE ATUN,True,39.0,0.0,38.0,2025-10-06,2026-06-29,2026-07-05,TARTAR DE ATUN,838.0,0,True,True,True,True,False,False,False,False,False,False,False,False,False,False,recent_observed,False,True,included_recent_demand_history
1751,KELLER,True,KELLER,True,KELLER,KELLER,True,5.0,34.0,38.0,2026-06-01,2026-06-29,2026-07-05,KELLER,65.0,0,True,True,True,True,False,False,False,False,False,False,False,False,False,False,recent_observed,False,True,included_recent_demand_history
1754,DAURA SIN GLUTEN,True,DAURA SIN GLUTEN,True,DAURA SIN GLUTEN,DAURA SIN GLUTEN,True,38.0,0.0,38.0,2025-10-06,2026-06-29,2026-07-05,DAURA SIN GLUTEN,189.0,0,True,True,True,True,False,False,False,False,False,False,False,False,False,False,recent_observed,False,True,included_recent_demand_history
1795,ARS COLLECTA GRAN RESERVA,True,ARS COLLECTA GRAN RESERVA,True,ARS COLLECTA GRAN RESERVA,ARS COLLECTA GRAN RESERVA,True,12.0,2.0,38.0,2025-10-20,2026-06-29,2026-07-05,ARS COLLECTA GRAN RESERVA,18.0,0,True,True,True,True,False,False,False,False,False,False,False,False,False,False,recent_observed,False,True,included_recent_demand_history
1801,TARTA ARABE,True,TARTA ARABE,True,TARTA ARABE,TARTA ARABE,True,39.0,0.0,38.0,2025-10-06,2026-06-29,2026-07-05,TARTA ARABE,1068.0,0,True,True,True,True,False,False,False,False,False,False,False,False,False,False,recent_observed,False,True,included_recent_demand_history
1848,VIÑA POMAL CRIANZA,True,VIÑA POMAL CRIANZA,True,VIÑA POMAL CRIANZA,VIÑA POMAL CRIANZA,True,39.0,0.0,38.0,2025-10-06,2026-06-29,2026-07-05,VIÑA POMAL CRIANZA,965.0,0,True,True,True,True,False,False,False,False,False,False,False,False,False,False,recent_observed,False,True,included_recent_demand_history
1873,"BOCATA DE PANCETA DE ""CHASU""",True,"BOCATA DE PANCETA DE ""CHASU""",True,"BOCATA DE PANCETA DE ""CHASU""","BOCATA DE PANCETA DE ""CHASU""",True,13.0,0.0,38.0,2025-10-06,2026-06-29,2026-07-05,"BOCATA DE PANCETA DE ""CHASU""",22.0,0,True,True,True,True,False,False,False,False,False,False,False,False,False,False,recent_observed,False,True,included_recent_demand_history
1883,BLINIS DE SARDINA  AHUMADA,True,BLINIS DE SARDINA  AHUMADA,True,BLINIS DE SARDINA  AHUMADA,BLINIS DE SARDINA  AHUMADA,True,39.0,0.0,38.0,2025-10-06,2026-06-29,2026-07-05,BLINIS DE SARDINA  AHUMADA,633.0,0,True,True,True,True,False,False,False,False,False,False,False,False,False,False,recent_observed,False,True,included_recent_demand_history
1901,EMPANADILLA CRIOLLA,True,EMPANADILLA CRIOLLA,True,EMPANADILLA CRIOLLA,EMPANADILLA CRIOLLA,True,39.0,0.0,38.0,2025-10-06,2026-06-29,2026-07-05,EMPANADILLA CRIOLLA,1314.0,0,True,True,True,True,False,False,False,False,False,False,False,False,False,False,recent_observed,False,True,included_recent_demand_history
1922,VIÑA POMAL SELECCION 106,True,VIÑA POMAL SELECCION 106,True,VIÑA POMAL SELECCION 106,VIÑA POMAL SELECCION 106,True,20.0,3.0,38.0,2025-10-27,2026-06-29,2026-07-05,VIÑA POMAL SELECCION 106,34.0,0,True,True,True,True,False,False,False,False,False,False,False,False,False,False,recent_observed,False,True,included_recent_demand_history
1923,SORBETE,True,SORBETE,True,SORBETE,SORBETE,True,26.0,0.0,38.0,2025-10-06,2026-06-29,2026-07-05,SORBETE,187.0,0,True,True,True,True,False,False,False,False,False,False,False,False,False,False,recent_observed,False,True,included_recent_demand_history
1930,TORREZNOS LA ROCA,True,TORREZNOS LA ROCA,True,TORREZNOS LA ROCA,TORREZNOS LA ROCA,True,39.0,0.0,38.0,2025-10-06,2026-06-29,2026-07-05,TORREZNOS LA ROCA,420.0,0,True,True,True,True,False,False,False,False,False,False,False,False,False,False,recent_observed,False,True,included_recent_demand_history
1935,VERMOUTH,True,VERMOUTH,True,VERMOUTH,VERMOUTH,True,39.0,0.0,38.0,2025-10-06,2026-06-29,2026-07-05,VERMOUTH,269.0,0,True,True,True,True,False,False,False,False,False,False,False,False,False,False,recent_observed,False,True,included_recent_demand_history
1939,ALCACHOFA  A LA BRASA,True,ALCACHOFA  A LA BRASA,True,ALCACHOFA  A LA BRASA,ALCACHOFA  A LA BRASA,True,39.0,0.0,38.0,2025-10-06,2026-06-29,2026-07-05,ALCACHOFA  A LA BRASA,814.0,0,True,True,True,True,False,False,False,False,False,False,False,False,False,False,recent_observed,False,True,included_recent_demand_history
1941,"CALLOS A LA MADRILEÑA ESTILO ""LA ROCA""",True,"CALLOS A LA MADRILEÑA ESTILO ""LA ROCA""",True,"CALLOS A LA MADRILEÑA ESTILO ""LA ROCA""","CALLOS A LA MADRILEÑA ESTILO ""LA ROCA""",True,38.0,0.0,38.0,2025-10-06,2026-06-29,2026-07-05,"CALLOS A LA MADRILEÑA ESTILO ""LA ROCA""",252.0,0,True,True,True,True,False,False,False,False,False,False,False,False,False,False,recent_observed,False,True,included_recent_demand_history
1944,EXTRA BOMBON DE FOIE,True,EXTRA BOMBON DE FOIE,True,EXTRA BOMBON DE FOIE,EXTRA BOMBON DE FOIE,True,36.0,0.0,38.0,2025-10-06,2026-06-29,2026-07-05,EXTRA BOMBON DE FOIE,205.0,0,True,True,True,True,False,False,False,False,False,False,False,False,False,False,recent_observed,False,True,included_recent_demand_history
1945,EXTRA CROQUETA DE JAMON,True,EXTRA CROQUETA DE JAMON,True,EXTRA CROQUETA DE JAMON,EXTRA CROQUETA DE JAMON,True,39.0,0.0,38.0,2025-10-06,2026-06-29,2026-07-05,EXTRA CROQUETA DE JAMON,2781.0,0,True,True,True,True,False,False,False,False,False,False,False,False,False,False,recent_observed,False,True,included_recent_demand_history
1947,EXTRA  ALCACHOFA,True,EXTRA  ALCACHOFA,True,EXTRA  ALCACHOFA,EXTRA  ALCACHOFA,True,39.0,0.0,38.0,2025-10-06,2026-06-29,2026-07-05,EXTRA  ALCACHOFA,433.0,0,True,True,True,True,False,False,False,False,False,False,False,False,False,False,recent_observed,False,True,included_recent_demand_history
1964,COSTILLA DE VACA  ANGUS,True,COSTILLA DE VACA  ANGUS,True,COSTILLA DE VACA  ANGUS,COSTILLA DE VACA  ANGUS,True,39.0,0.0,38.0,2025-10-06,2026-06-29,2026-07-05,COSTILLA DE VACA  ANGUS,250.0,0,True,True,True,True,False,False,False,False,False,False,False,False,False,False,recent_observed,False,True,included_recent_demand_history
1971,EXTRA BLINIS,True,EXTRA BLINIS,True,EXTRA BLINIS,EXTRA BLINIS,True,36.0,0.0,38.0,2025-10-06,2026-06-29,2026-07-05,EXTRA BLINIS,225.0,0,True,True,True,True,False,False,False,False,False,False,False,False,False,False,recent_observed,False,True,included_recent_demand_history
1974,ZAMBURIÑAS A LA BRASA,True,ZAMBURIÑAS A LA BRASA,True,ZAMBURIÑAS A LA BRASA,ZAMBURIÑAS A LA BRASA,True,35.0,4.0,38.0,2025-11-03,2026-06-29,2026-07-05,ZAMBURIÑAS A LA BRASA,1903.0,0,True,True,True,True,False,False,False,False,False,False,False,False,False,False,recent_observed,False,True,included_recent_demand_history
1989,LICOR PREMIUM,True,LICOR PREMIUM,True,LICOR PREMIUM,LICOR PREMIUM,True,39.0,0.0,38.0,2025-10-06,2026-06-29,2026-07-05,LICOR PREMIUM,462.0,0,True,True,True,True,False,False,False,False,False,False,False,False,False,False,recent_observed,False,True,included_recent_demand_history
1991,LEGARIS VERDEJO,True,LEGARIS VERDEJO,True,LEGARIS VERDEJO,LEGARIS VERDEJO,True,39.0,0.0,38.0,2025-10-06,2026-06-29,2026-07-05,LEGARIS VERDEJO,725.0,0,True,True,True,True,False,False,False,False,False,False,False,False,False,False,recent_observed,False,True,included_recent_demand_history
2010,SANTA TERESA,True,SANTA TERESA,True,SANTA TERESA,SANTA TERESA,True,7.0,2.0,38.0,2025-10-20,2026-06-29,2026-07-05,SANTA TERESA,9.0,0,True,True,True,True,False,False,False,False,False,False,False,False,False,False,recent_observed,False,True,included_recent_demand_history
2031,ROSSINI,True,ROSSINI,True,ROSSINI,ROSSINI,True,39.0,0.0,38.0,2025-10-06,2026-06-29,2026-07-05,ROSSINI,611.0,0,True,True,True,True,False,False,False,False,False,False,False,False,False,False,recent_observed,False,True,included_recent_demand_history
2043,POLVITO URUGUAYO,True,POLVITO URUGUAYO,True,POLVITO URUGUAYO,POLVITO URUGUAYO,True,39.0,0.0,38.0,2025-10-06,2026-06-29,2026-07-05,POLVITO URUGUAYO,392.0,0,True,True,True,True,False,False,False,False,False,False,False,False,False,False,recent_observed,False,True,included_recent_demand_history
2046,"CERVEZA  VICTORIA  0,0 TOSTADA",True,"CERVEZA  VICTORIA  0,0 TOSTADA",True,"CERVEZA  VICTORIA  0,0 TOSTADA","CERVEZA  VICTORIA  0,0 TOSTADA",True,36.0,0.0,38.0,2025-10-06,2026-06-29,2026-07-05,"CERVEZA  VICTORIA  0,0 TOSTADA",201.0,0,True,True,True,True,False,False,False,False,False,False,False,False,False,False,recent_observed,False,True,included_recent_demand_history
2047,COPA  VICTORIA 0.0 TOSTADA,True,COPA  VICTORIA 0.0 TOSTADA,True,COPA  VICTORIA 0.0 TOSTADA,COPA  VICTORIA 0.0 TOSTADA,True,39.0,0.0,38.0,2025-10-06,2026-06-29,2026-07-05,COPA  VICTORIA 0.0 TOSTADA,428.0,0,True,True,True,True,False,False,False,False,False,False,False,False,False,False,recent_observed,False,True,included_recent_demand_history
2060,PATATAS FRITAS GAJO,True,PATATAS FRITAS GAJO,True,PATATAS FRITAS GAJO,PATATAS FRITAS GAJO,True,39.0,0.0,38.0,2025-10-06,2026-06-29,2026-07-05,PATATAS FRITAS GAJO,805.0,0,True,True,True,True,False,False,False,False,False,False,False,False,False,False,recent_observed,False,True,included_recent_demand_history
2061,PIMIENTO ASADO A LA BRASA,True,PIMIENTO ASADO A LA BRASA,True,PIMIENTO ASADO A LA BRASA,PIMIENTO ASADO A LA BRASA,True,39.0,0.0,38.0,2025-10-06,2026-06-29,2026-07-05,PIMIENTO ASADO A LA BRASA,324.0,0,True,True,True,True,False,False,False,False,False,False,False,False,False,False,recent_observed,False,True,included_recent_demand_history
2106,"ENSALADILLA ""LA ROCA""",True,"ENSALADILLA ""LA ROCA""",True,"ENSALADILLA ""LA ROCA""","ENSALADILLA ""LA ROCA""",True,39.0,0.0,38.0,2025-10-06,2026-06-29,2026-07-05,"ENSALADILLA ""LA ROCA""",428.0,0,True,True,True,True,False,False,False,False,False,False,False,False,False,False,recent_observed,False,True,included_recent_demand_history
2138,SAM DE GAMBAS,True,SAM DE GAMBAS,True,SAM DE GAMBAS,SAM DE GAMBAS,True,39.0,0.0,38.0,2025-10-06,2026-06-29,2026-07-05,SAM DE GAMBAS,3025.0,0,True,True,True,True,False,False,False,False,False,False,False,False,False,False,recent_observed,False,True,included_recent_demand_history
2141,ENSALADA TEMPLADA DE CALAMARES,True,ENSALADA TEMPLADA DE CALAMARES,True,ENSALADA TEMPLADA DE CALAMARES,ENSALADA TEMPLADA DE CALAMARES,True,39.0,0.0,38.0,2025-10-06,2026-06-29,2026-07-05,ENSALADA TEMPLADA DE CALAMARES,405.0,0,True,True,True,True,False,False,False,False,False,False,False,False,False,False,recent_observed,False,True,included_recent_demand_history
2143,"FIDEUA ""AL HORNO"" DE BOTILLO",True,"FIDEUA ""AL HORNO"" DE BOTILLO",True,"FIDEUA ""AL HORNO"" DE BOTILLO","FIDEUA ""AL HORNO"" DE BOTILLO",True,38.0,0.0,38.0,2025-10-06,2026-06-29,2026-07-05,"FIDEUA ""AL HORNO"" DE BOTILLO",258.0,0,True,True,True,True,False,False,False,False,False,False,False,False,False,False,recent_observed,False,True,included_recent_demand_history
2154,PAN SIN GLUTEN,True,PAN SIN GLUTEN,True,PAN SIN GLUTEN,PAN SIN GLUTEN,True,34.0,0.0,38.0,2025-10-06,2026-06-29,2026-07-05,PAN SIN GLUTEN,82.0,0,True,True,True,True,False,False,False,False,False,False,False,False,False,False,recent_observed,False,True,included_recent_demand_history
2155,BAILEYS,True,BAILEYS,True,BAILEYS,BAILEYS,True,14.0,2.0,38.0,2025-10-20,2026-06-29,2026-07-05,BAILEYS,24.0,0,True,True,True,True,False,False,False,False,False,False,False,False,False,False,recent_observed,False,True,included_recent_demand_history
2160,CECINA BLACK ANGUS,True,CECINA BLACK ANGUS,True,CECINA BLACK ANGUS,CECINA BLACK ANGUS,True,36.0,0.0,38.0,2025-10-06,2026-06-29,2026-07-05,CECINA BLACK ANGUS,125.0,0,True,True,True,True,False,False,False,False,False,False,False,False,False,False,recent_observed,False,True,included_recent_demand_history
2177,T-BONE,True,T-BONE,True,T-BONE,T-BONE,True,39.0,0.0,38.0,2025-10-06,2026-06-29,2026-07-05,T-BONE,213.0,0,True,True,True,True,False,False,False,False,False,False,False,False,False,False,recent_observed,False,True,included_recent_demand_history
2184,LA VICALANDA RESERVA,True,LA VICALANDA RESERVA,True,LA VICALANDA RESERVA,LA VICALANDA RESERVA,True,13.0,3.0,38.0,2025-10-27,2026-06-29,2026-07-05,LA VICALANDA RESERVA,29.0,0,True,True,True,True,False,False,False,False,False,False,False,False,False,False,recent_observed,False,True,included_recent_demand_history
2193,MEJILLONES A LA BRASA,True,MEJILLONES A LA BRASA,True,MEJILLONES A LA BRASA,MEJILLONES A LA BRASA,True,39.0,0.0,38.0,2025-10-06,2026-06-29,2026-07-05,MEJILLONES A LA BRASA,324.0,0,True,True,True,True,False,False,False,False,False,False,False,False,False,False,recent_observed,False,True,included_recent_demand_history
2203,CAFE DOBLE,True,CAFE DOBLE,True,CAFE DOBLE,CAFE DOBLE,True,33.0,0.0,38.0,2025-10-06,2026-06-29,2026-07-05,CAFE DOBLE,71.0,0,True,True,True,True,False,False,False,False,False,False,False,False,False,False,recent_observed,False,True,included_recent_demand_history
2205,CAFE BOMBON,True,CAFE BOMBON,True,CAFE BOMBON,CAFE BOMBON,True,15.0,2.0,38.0,2025-10-20,2026-06-29,2026-07-05,CAFE BOMBON,29.0,0,True,True,True,True,False,False,False,False,False,False,False,False,False,False,recent_observed,False,True,included_recent_demand_history
2211,JARRA VICTORIA,True,JARRA VICTORIA,True,JARRA VICTORIA,JARRA VICTORIA,True,8.0,0.0,38.0,2025-10-06,2026-06-29,2026-07-05,JARRA VICTORIA,29.0,0,True,True,True,True,False,False,False,False,False,False,False,False,False,False,recent_observed,False,True,included_recent_demand_history
2217,TINTO DE VERANO CON VERMOUTH,True,TINTO DE VERANO CON VERMOUTH,True,TINTO DE VERANO CON VERMOUTH,TINTO DE VERANO CON VERMOUTH,True,8.0,6.0,38.0,2025-11-17,2026-06-29,2026-07-05,TINTO DE VERANO CON VERMOUTH,16.0,0,True,True,True,True,False,False,False,False,False,False,False,False,False,False,recent_observed,False,True,included_recent_demand_history
2218,TUETANO A LA BRASA,True,TUETANO A LA BRASA,True,TUETANO A LA BRASA,TUETANO A LA BRASA,True,14.0,25.0,38.0,2026-03-30,2026-06-29,2026-07-05,TUETANO A LA BRASA,129.0,0,True,True,True,True,False,False,False,False,False,False,False,False,False,False,recent_observed,False,True,included_recent_demand_history
2226,COCA COLA 00,True,COCA COLA 00,True,COCA COLA 00,COCA COLA 00,True,38.0,0.0,38.0,2025-10-06,2026-06-29,2026-07-05,COCA COLA 00,203.0,0,True,True,True,True,False,False,False,False,False,False,False,False,False,False,recent_observed,False,True,included_recent_demand_history
2227,COCA COLA LIGHT,True,COCA COLA LIGHT,True,COCA COLA LIGHT,COCA COLA LIGHT,True,29.0,0.0,38.0,2025-10-06,2026-06-29,2026-07-05,COCA COLA LIGHT,67.0,0,True,True,True,True,False,False,False,False,False,False,False,False,False,False,recent_observed,False,True,included_recent_demand_history
2237,YEMA DE HUEVO DE CORRAL,True,YEMA DE HUEVO DE CORRAL,True,YEMA DE HUEVO DE CORRAL,YEMA DE HUEVO DE CORRAL,True,39.0,0.0,38.0,2025-10-06,2026-06-29,2026-07-05,YEMA DE HUEVO DE CORRAL,1067.0,0,True,True,True,True,False,False,False,False,False,False,False,False,False,False,recent_observed,False,True,included_recent_demand_history
2239,BOMBONES DE WAGYU Y FOIE,True,BOMBONES DE WAGYU Y FOIE,True,BOMBONES DE WAGYU Y FOIE,BOMBONES DE WAGYU Y FOIE,True,36.0,0.0,38.0,2025-10-06,2026-06-29,2026-07-05,BOMBONES DE WAGYU Y FOIE,645.0,0,True,True,True,True,False,False,False,False,False,False,False,False,False,False,recent_observed,False,True,included_recent_demand_history
2245,PATATAS A LA PROVENZAL,True,PATATAS A LA PROVENZAL,True,PATATAS A LA PROVENZAL,PATATAS A LA PROVENZAL,True,35.0,0.0,38.0,2025-10-06,2026-06-29,2026-07-05,PATATAS A LA PROVENZAL,114.0,0,True,True,True,True,False,False,False,False,False,False,False,False,False,False,recent_observed,False,True,included_recent_demand_history
2259,ABADIA RETUERTA,True,ABADIA RETUERTA,True,ABADIA RETUERTA,ABADIA RETUERTA,True,33.0,1.0,38.0,2025-10-13,2026-06-29,2026-07-05,ABADIA RETUERTA,65.0,0,True,True,True,True,False,False,False,False,False,False,False,False,False,False,recent_observed,False,True,included_recent_demand_history
2264,MAR DE FRADES,True,MAR DE FRADES,True,MAR DE FRADES,MAR DE FRADES,True,19.0,1.0,38.0,2025-10-13,2026-06-29,2026-07-05,MAR DE FRADES,33.0,0,True,True,True,True,False,False,False,False,False,False,False,False,False,False,recent_observed,False,True,included_recent_demand_history
2280,LEGARIS ROBLE,True,LEGARIS ROBLE,True,LEGARIS ROBLE,LEGARIS ROBLE,True,39.0,0.0,38.0,2025-10-06,2026-06-29,2026-07-05,LEGARIS ROBLE,1480.0,0,True,True,True,True,False,False,False,False,False,False,False,False,False,False,recent_observed,False,True,included_recent_demand_history
2282,JAMON DE BELLOTA  DE JABUGO,True,JAMON DE BELLOTA  DE JABUGO,True,JAMON DE BELLOTA  DE JABUGO,JAMON DE BELLOTA  DE JABUGO,True,28.0,0.0,38.0,2025-10-06,2026-06-29,2026-07-05,JAMON DE BELLOTA  DE JABUGO,53.0,0,True,True,True,True,False,False,False,False,False,False,False,False,False,False,recent_observed,False,True,included_recent_demand_history
2289,APEROL SPRITZ,True,APEROL SPRITZ,True,APEROL SPRITZ,APEROL SPRITZ,True,12.0,1.0,38.0,2025-10-13,2026-06-29,2026-07-05,APEROL SPRITZ,24.0,0,True,True,True,True,False,False,False,False,False,False,False,False,False,False,recent_observed,False,True,included_recent_demand_history
2290,SALMOREJO CON HELADO,True,SALMOREJO CON HELADO,True,SALMOREJO CON HELADO,SALMOREJO CON HELADO,True,39.0,0.0,38.0,2025-10-06,2026-06-29,2026-07-05,SALMOREJO CON HELADO,428.0,0,True,True,True,True,False,False,False,False,False,False,False,False,False,False,recent_observed,False,True,included_recent_demand_history
2292,TOMATE DE LA TEMPORADA CON VENTRESCA,True,TOMATE DE LA TEMPORADA CON VENTRESCA,True,TOMATE DE LA TEMPORADA CON VENTRESCA,TOMATE DE LA TEMPORADA CON VENTRESCA,True,39.0,0.0,38.0,2025-10-06,2026-06-29,2026-07-05,TOMATE DE LA TEMPORADA CON VENTRESCA,477.0,0,True,True,True,True,False,False,False,False,False,False,False,False,False,False,recent_observed,False,True,included_recent_demand_history
2297,LOMO DE LUBINA  A LA BRASA,True,LOMO DE LUBINA  A LA BRASA,True,LOMO DE LUBINA  A LA BRASA,LOMO DE LUBINA  A LA BRASA,True,14.0,25.0,38.0,2026-03-30,2026-06-29,2026-07-05,LOMO DE LUBINA  A LA BRASA,112.0,0,True,True,True,True,False,False,False,False,False,False,False,False,False,False,recent_observed,False,True,included_recent_demand_history
2298,PLUMA DE BELLOTA A LA BRASA,True,PLUMA DE BELLOTA A LA BRASA,True,PLUMA DE BELLOTA A LA BRASA,PLUMA DE BELLOTA A LA BRASA,True,39.0,0.0,38.0,2025-10-06,2026-06-29,2026-07-05,PLUMA DE BELLOTA A LA BRASA,706.0,0,True,True,True,True,False,False,False,False,False,False,False,False,False,False,recent_observed,False,True,included_recent_demand_history
2301,"ENSALADA DE LECHUGA , CEBOLLA Y TOMATE",True,"ENSALADA DE LECHUGA , CEBOLLA Y TOMATE",True,"ENSALADA DE LECHUGA , CEBOLLA Y TOMATE","ENSALADA DE LECHUGA , CEBOLLA Y TOMATE",True,33.0,0.0,38.0,2025-10-06,2026-06-29,2026-07-05,"ENSALADA DE LECHUGA , CEBOLLA Y TOMATE",84.0,0,True,True,True,True,False,False,False,False,False,False,False,False,False,False,recent_observed,False,True,included_recent_demand_history
2302,CHULETON MATIZADO,True,CHULETON MATIZADO,True,CHULETON MATIZADO,CHULETON MATIZADO,True,39.0,0.0,38.0,2025-10-06,2026-06-29,2026-07-05,CHULETON MATIZADO,515.0,0,True,True,True,True,False,False,False,False,False,False,False,False,False,False,recent_observed,False,True,included_recent_demand_history
2303,BOCATIN DE CALAMARES,True,BOCATIN DE CALAMARES,True,BOCATIN DE CALAMARES,BOCATIN DE CALAMARES,True,39.0,0.0,38.0,2025-10-06,2026-06-29,2026-07-05,BOCATIN DE CALAMARES,1165.0,0,True,True,True,True,False,False,False,False,False,False,False,False,False,False,recent_observed,False,True,included_recent_demand_history
2309,AGUA 70CL,True,AGUA 70CL,True,AGUA 70CL,AGUA 70CL,True,39.0,0.0,38.0,2025-10-06,2026-06-29,2026-07-05,AGUA 70CL,2674.0,0,True,True,True,True,False,False,False,False,False,False,False,False,False,False,recent_observed,False,True,included_recent_demand_history
2312,CROMOTERAPIA,True,CROMOTERAPIA,True,CROMOTERAPIA,CROMOTERAPIA,True,37.0,0.0,38.0,2025-10-06,2026-06-29,2026-07-05,CROMOTERAPIA,270.0,0,True,True,True,True,False,False,False,False,False,False,False,False,False,False,recent_observed,False,True,included_recent_demand_history
2313,NUMANTHIA,True,NUMANTHIA,True,NUMANTHIA,NUMANTHIA,True,10.0,8.0,38.0,2025-12-01,2026-06-29,2026-07-05,NUMANTHIA,14.0,0,True,True,True,True,False,False,False,False,False,False,False,False,False,False,recent_observed,False,True,included_recent_demand_history
2319,LOPEZ CRISTOBAL CRIANZA,True,LOPEZ CRISTOBAL CRIANZA,True,LOPEZ CRISTOBAL CRIANZA,LOPEZ CRISTOBAL CRIANZA,True,22.0,4.0,38.0,2025-11-03,2026-06-29,2026-07-05,LOPEZ CRISTOBAL CRIANZA,36.0,0,True,True,True,True,False,False,False,False,False,False,False,False,False,False,recent_observed,False,True,included_recent_demand_history
2325,CAMIÑO DO REI,True,CAMIÑO DO REI,True,CAMIÑO DO REI,CAMIÑO DO REI,True,36.0,3.0,38.0,2025-10-27,2026-06-29,2026-07-05,CAMIÑO DO REI,381.0,0,True,True,True,True,False,False,False,False,False,False,False,False,False,False,recent_observed,False,True,included_recent_demand_history
2327,LA MATEO BLANCO,True,LA MATEO BLANCO,True,LA MATEO BLANCO,LA MATEO BLANCO,True,4.0,20.0,38.0,2026-02-23,2026-06-29,2026-07-05,LA MATEO BLANCO,5.0,0,True,True,True,True,False,False,False,False,False,False,False,False,False,False,recent_observed,False,True,included_recent_demand_history
2332,HABLA DEL SILENCIO,True,HABLA DEL SILENCIO,True,HABLA DEL SILENCIO,HABLA DEL SILENCIO,True,32.0,0.0,38.0,2025-10-06,2026-06-29,2026-07-05,HABLA DEL SILENCIO,87.0,0,True,True,True,True,False,False,False,False,False,False,False,False,False,False,recent_observed,False,True,included_recent_demand_history
2335,TORTITA DE CAMARONES,True,TORTITA DE CAMARONES,True,TORTITA DE CAMARONES,TORTITA DE CAMARONES,True,39.0,0.0,38.0,2025-10-06,2026-06-29,2026-07-05,TORTITA DE CAMARONES,938.0,0,True,True,True,True,False,False,False,False,False,False,False,False,False,False,recent_observed,False,True,included_recent_demand_history
2347,CHULETILLAS DE CORDERO LECHAL,True,CHULETILLAS DE CORDERO LECHAL,True,CHULETILLAS DE CORDERO LECHAL,CHULETILLAS DE CORDERO LECHAL,True,39.0,0.0,38.0,2025-10-06,2026-06-29,2026-07-05,CHULETILLAS DE CORDERO LECHAL,371.0,0,True,True,True,True,False,False,False,False,False,False,False,False,False,False,recent_observed,False,True,included_recent_demand_history
2348,FOCACCIA DE PANCETA CHASU Y PROVOLONE,True,FOCACCIA DE PANCETA CHASU Y PROVOLONE,True,FOCACCIA DE PANCETA CHASU Y PROVOLONE,FOCACCIA DE PANCETA CHASU Y PROVOLONE,True,39.0,0.0,38.0,2025-10-06,2026-06-29,2026-07-05,FOCACCIA DE PANCETA CHASU Y PROVOLONE,177.0,0,True,True,True,True,False,False,False,False,False,False,False,False,False,False,recent_observed,False,True,included_recent_demand_history
2371,PETALOS,True,PETALOS,True,PETALOS,PETALOS,True,24.0,0.0,38.0,2025-10-06,2026-06-29,2026-07-05,PETALOS,39.0,0,True,True,True,True,False,False,False,False,False,False,False,False,False,False,recent_observed,False,True,included_recent_demand_history
2373,GYOZA DE CERDO,True,GYOZA DE CERDO,True,GYOZA DE CERDO,GYOZA DE CERDO,True,39.0,0.0,38.0,2025-10-06,2026-06-29,2026-07-05,GYOZA DE CERDO,698.0,0,True,True,True,True,False,False,False,False,False,False,False,False,False,False,recent_observed,False,True,included_recent_demand_history
2376,CARRILLERA  DE CERDO  AL VINO TINTO,True,CARRILLERA  DE CERDO  AL VINO TINTO,True,CARRILLERA  DE CERDO  AL VINO TINTO,CARRILLERA  DE CERDO  AL VINO TINTO,True,28.0,8.0,38.0,2025-12-01,2026-06-29,2026-07-05,CARRILLERA  DE CERDO  AL VINO TINTO,147.0,0,True,True,True,True,False,False,False,False,False,False,False,False,False,False,recent_observed,False,True,included_recent_demand_history
2378,TIGRE DE BOGAVANTE,True,TIGRE DE BOGAVANTE,True,TIGRE DE BOGAVANTE,TIGRE DE BOGAVANTE,True,39.0,0.0,38.0,2025-10-06,2026-06-29,2026-07-05,TIGRE DE BOGAVANTE,924.0,0,True,True,True,True,False,False,False,False,False,False,False,False,False,False,recent_observed,False,True,included_recent_demand_history
2379,BRIOCHE DE ENSALADILLA,True,BRIOCHE DE ENSALADILLA,True,BRIOCHE DE ENSALADILLA,BRIOCHE DE ENSALADILLA,True,39.0,0.0,38.0,2025-10-06,2026-06-29,2026-07-05,BRIOCHE DE ENSALADILLA,543.0,0,True,True,True,True,False,False,False,False,False,False,False,False,False,False,recent_observed,False,True,included_recent_demand_history
2380,BIKINI DE CECINA,True,BIKINI DE CECINA,True,BIKINI DE CECINA,BIKINI DE CECINA,True,39.0,0.0,38.0,2025-10-06,2026-06-29,2026-07-05,BIKINI DE CECINA,420.0,0,True,True,True,True,False,False,False,False,False,False,False,False,False,False,recent_observed,False,True,included_recent_demand_history
2381,PAN BAO DE CARRILLERA DE CERDO,True,PAN BAO DE CARRILLERA DE CERDO,True,PAN BAO DE CARRILLERA DE CERDO,PAN BAO DE CARRILLERA DE CERDO,True,39.0,0.0,38.0,2025-10-06,2026-06-29,2026-07-05,PAN BAO DE CARRILLERA DE CERDO,1967.0,0,True,True,True,True,False,False,False,False,False,False,False,False,False,False,recent_observed,False,True,included_recent_demand_history
2382,ALBONDIGA  XL DE WAGYU,True,ALBONDIGA  XL DE WAGYU,True,ALBONDIGA  XL DE WAGYU,ALBONDIGA  XL DE WAGYU,True,39.0,0.0,38.0,2025-10-06,2026-06-29,2026-07-05,ALBONDIGA  XL DE WAGYU,867.0,0,True,True,True,True,False,False,False,False,False,False,False,False,False,False,recent_observed,False,True,included_recent_demand_history
2385,CROQUETON DE CECINA,True,CROQUETON DE CECINA,True,CROQUETON DE CECINA,CROQUETON DE CECINA,True,35.0,0.0,38.0,2025-10-06,2026-06-29,2026-07-05,CROQUETON DE CECINA,617.0,0,True,True,True,True,False,False,False,False,False,False,False,False,False,False,recent_observed,False,True,included_recent_demand_history
2391,CONDE DEL PAZO,True,CONDE DEL PAZO,True,CONDE DEL PAZO,CONDE DEL PAZO,True,39.0,0.0,38.0,2025-10-06,2026-06-29,2026-07-05,CONDE DEL PAZO,965.0,0,True,True,True,True,False,False,False,False,False,False,False,False,False,False,recent_observed,False,True,included_recent_demand_history
2392,ENTRECUESTAS,True,ENTRECUESTAS,True,ENTRECUESTAS,ENTRECUESTAS,True,31.0,2.0,38.0,2025-10-20,2026-06-29,2026-07-05,ENTRECUESTAS,70.0,0,True,True,True,True,False,False,False,False,False,False,False,False,False,False,recent_observed,False,True,included_recent_demand_history
30001,MENU DEL DIA,True,MENU DEL DIA,True,MENU DEL DIA,MENU DEL DIA,True,37.0,0.0,38.0,2025-10-06,2026-06-29,2026-07-05,MENU DEL DIA,1845.0,0,True,True,True,True,False,False,False,False,False,False,False,False,False,False,recent_observed,False,True,included_recent_demand_history
34010,RABAS DE ANCHOA,True,RABAS DE ANCHOA,True,RABAS DE ANCHOA,RABAS DE ANCHOA,True,17.0,5.0,38.0,2025-11-10,2026-06-29,2026-07-05,RABAS DE ANCHOA,170.0,0,True,True,True,True,False,False,False,False,False,False,False,False,False,False,recent_observed,False,True,included_recent_demand_history
34015,TACO DE COCHINILLO TOSTADO,True,TACO DE COCHINILLO TOSTADO,True,TACO DE COCHINILLO TOSTADO,TACO DE COCHINILLO TOSTADO,True,14.0,25.0,38.0,2026-03-30,2026-06-29,2026-07-05,TACO DE COCHINILLO TOSTADO,47.0,0,True,True,True,True,False,False,False,False,False,False,False,False,False,False,recent_observed,False,True,included_recent_demand_history
34016,CALAMARES DE ANZUELO,True,CALAMARES DE ANZUELO,True,CALAMARES DE ANZUELO,CALAMARES DE ANZUELO,True,13.0,25.0,38.0,2026-03-30,2026-06-29,2026-07-05,CALAMARES DE ANZUELO,82.0,0,True,True,True,True,False,False,False,False,False,False,False,False,False,False,recent_observed,False,True,included_recent_demand_history
34017,"LINGOTE ""LA ROCA""",True,"LINGOTE ""LA ROCA""",True,"LINGOTE ""LA ROCA""","LINGOTE ""LA ROCA""",True,7.0,31.0,38.0,2026-05-11,2026-06-29,2026-07-05,"LINGOTE ""LA ROCA""",59.0,0,True,True,True,True,False,False,False,False,False,False,False,False,False,False,recent_observed,False,True,included_recent_demand_history
43,MOSTO,True,MOSTO,True,MOSTO,MOSTO,True,31.0,0.0,37.0,2025-10-06,2026-06-22,2026-06-28,MOSTO,88.0,1,True,True,False,True,False,False,False,False,False,False,False,False,False,False,recent_observed,False,True,included_recent_demand_history
57,MARTINI BLANCO,True,MARTINI BLANCO,True,MARTINI BLANCO,MARTINI BLANCO,True,1.0,37.0,37.0,2026-06-22,2026-06-22,2026-06-28,MARTINI BLANCO,2.0,1,True,True,False,True,False,False,False,False,False,False,False,False,False,False,recent_observed,False,True,included_recent_demand_history
1780,BALLANTINES,True,BALLANTINES,True,BALLANTINES,BALLANTINES,True,3.0,8.0,37.0,2025-12-01,2026-06-22,2026-06-28,BALLANTINES,3.0,1,True,True,False,True,False,False,False,False,False,False,False,False,False,False,recent_observed,False,True,included_recent_demand_history
1934,BAINES,True,BAINES,True,BAINES,BAINES,True,21.0,0.0,37.0,2025-10-06,2026-06-22,2026-06-28,BAINES,71.0,1,True,True,False,True,False,False,False,False,False,False,False,False,False,False,recent_observed,False,True,included_recent_demand_history
2164,ANNA CODORNIU,True,ANNA CODORNIU,True,ANNA CODORNIU,ANNA CODORNIU,True,31.0,0.0,37.0,2025-10-06,2026-06-22,2026-06-28,ANNA CODORNIU,83.0,1,True,True,False,True,False,False,False,False,False,False,False,False,False,False,recent_observed,False,True,included_recent_demand_history
2182,MOET&CHANDON BRUT IMPERIAL,True,MOET&CHANDON BRUT IMPERIAL,True,MOET&CHANDON BRUT IMPERIAL,MOET&CHANDON BRUT IMPERIAL,True,3.0,2.0,37.0,2025-10-20,2026-06-22,2026-06-28,MOET&CHANDON BRUT IMPERIAL,6.0,1,True,True,False,True,False,False,False,False,False,False,False,False,False,False,recent_observed,False,True,included_recent_demand_history
2222,MINI HAMBURGUESAS,True,MINI HAMBURGUESAS,True,MINI HAMBURGUESAS,MINI HAMBURGUESAS,True,17.0,3.0,37.0,2025-10-27,2026-06-22,2026-06-28,MINI HAMBURGUESAS,81.0,1,True,True,False,True,False,False,False,False,False,False,False,False,False,False,recent_observed,False,True,included_recent_demand_history
2291,BULLDOG,True,BULLDOG,True,BULLDOG,BULLDOG,True,4.0,10.0,37.0,2025-12-15,2026-06-22,2026-06-28,BULLDOG,6.0,1,True,True,False,True,False,False,False,False,False,False,False,False,False,False,recent_observed,False,True,included_recent_demand_history
2318,JUAN GIL PLATA,True,JUAN GIL PLATA,True,JUAN GIL PLATA,JUAN GIL PLATA,True,23.0,3.0,37.0,2025-10-27,2026-06-22,2026-06-28,JUAN GIL PLATA,50.0,1,True,True,False,True,False,False,False,False,False,False,False,False,False,False,recent_observed,False,True,included_recent_demand_history
2343,EXTRA CHULETON MATIZADO,True,EXTRA CHULETON MATIZADO,True,EXTRA CHULETON MATIZADO,EXTRA CHULETON MATIZADO,True,23.0,0.0,37.0,2025-10-06,2026-06-22,2026-06-28,EXTRA CHULETON MATIZADO,57.0,1,True,True,False,True,False,False,False,False,False,False,False,False,False,False,recent_observed,False,True,included_recent_demand_history
2367,JOSE PARIENTE,True,JOSE PARIENTE,True,JOSE PARIENTE,JOSE PARIENTE,True,25.0,2.0,37.0,2025-10-20,2026-06-22,2026-06-28,JOSE PARIENTE,39.0,1,True,True,False,True,False,False,False,False,False,False,False,False,False,False,recent_observed,False,True,included_recent_demand_history
2388,AGUA  RECICLABLE,True,AGUA  RECICLABLE,True,AGUA  RECICLABLE,AGUA  RECICLABLE,True,8.0,0.0,37.0,2025-10-06,2026-06-22,2026-06-28,AGUA  RECICLABLE,8.0,1,True,True,False,True,False,False,False,False,False,False,False,False,False,False,recent_observed,False,True,included_recent_demand_history
1567,PEDRO XIMENEZ COPA,True,PEDRO XIMENEZ COPA,True,PEDRO XIMENEZ COPA,PEDRO XIMENEZ COPA,True,6.0,5.0,36.0,2025-11-10,2026-06-15,2026-06-21,PEDRO XIMENEZ COPA,9.0,2,True,True,False,True,False,False,False,False,False,False,False,False,False,False,recent_observed,False,True,included_recent_demand_history
1697,BRUGAL,True,BRUGAL,True,BRUGAL,BRUGAL,True,17.0,2.0,36.0,2025-10-20,2026-06-15,2026-06-21,BRUGAL,34.0,2,True,True,False,True,False,False,False,False,False,False,False,False,False,False,recent_observed,False,True,included_recent_demand_history
1702,MARTIN MILERS,True,MARTIN MILERS,True,MARTIN MILERS,MARTIN MILERS,True,12.0,0.0,36.0,2025-10-06,2026-06-15,2026-06-21,MARTIN MILERS,25.0,2,True,True,False,True,False,False,False,False,False,False,False,False,False,False,recent_observed,False,True,included_recent_demand_history
1710,JB,True,JB,True,JB,JB,True,6.0,6.0,36.0,2025-11-17,2026-06-15,2026-06-21,JB,9.0,2,True,True,False,True,False,False,False,False,False,False,False,False,False,False,recent_observed,False,True,included_recent_demand_history
1711,WHITE LABEL,True,WHITE LABEL,True,WHITE LABEL,WHITE LABEL,True,13.0,0.0,36.0,2025-10-06,2026-06-15,2026-06-21,WHITE LABEL,27.0,2,True,True,False,True,False,False,False,False,False,False,False,False,False,False,recent_observed,False,True,included_recent_demand_history
1713,BLACK LABEL,True,BLACK LABEL,True,BLACK LABEL,BLACK LABEL,True,16.0,2.0,36.0,2025-10-20,2026-06-15,2026-06-21,BLACK LABEL,30.0,2,True,True,False,True,False,False,False,False,False,False,False,False,False,False,recent_observed,False,True,included_recent_demand_history
1849,PARAMOS LEGARIS,True,PARAMOS LEGARIS,True,PARAMOS LEGARIS,PARAMOS LEGARIS,True,18.0,1.0,36.0,2025-10-13,2026-06-15,2026-06-21,PARAMOS LEGARIS,31.0,2,True,True,False,True,False,False,False,False,False,False,False,False,False,False,recent_observed,False,True,included_recent_demand_history
2054,SOLAGÜEN BLANCO,True,SOLAGÜEN BLANCO,True,SOLAGÜEN BLANCO,SOLAGÜEN BLANCO,True,2.0,15.0,36.0,2026-01-19,2026-06-15,2026-06-21,SOLAGÜEN BLANCO,2.0,2,True,True,False,True,False,False,False,False,False,False,False,False,False,False,recent_observed,False,True,included_recent_demand_history
2153,BAINES ORO,True,BAINES ORO,True,BAINES ORO,BAINES ORO,True,13.0,0.0,36.0,2025-10-06,2026-06-15,2026-06-21,BAINES ORO,25.0,2,True,True,False,True,False,False,False,False,False,False,False,False,False,False,recent_observed,False,True,included_recent_demand_history
2210,CAPUCCINO,True,CAPUCCINO,True,CAPUCCINO,CAPUCCINO,True,13.0,1.0,36.0,2025-10-13,2026-06-15,2026-06-21,CAPUCCINO,19.0,2,True,True,False,True,False,False,False,False,False,False,False,False,False,False,recent_observed,False,True,included_recent_demand_history
2213,JARRA VICTORIA DIEZ,True,JARRA VICTORIA DIEZ,True,JARRA VICTORIA DIEZ,JARRA VICTORIA DIEZ,True,1.0,36.0,36.0,2026-06-15,2026-06-15,2026-06-21,JARRA VICTORIA DIEZ,2.0,2,True,True,False,True,False,False,False,False,False,False,False,False,False,False,recent_observed,False,True,included_recent_demand_history
2219,BITTER KAS,True,BITTER KAS,True,BITTER KAS,BITTER KAS,True,13.0,0.0,36.0,2025-10-06,2026-06-15,2026-06-21,BITTER KAS,15.0,2,True,True,False,True,False,False,False,False,False,False,False,False,False,False,recent_observed,False,True,included_recent_demand_history
2225,CHORIZO CRIOLLO A LA BRASA,True,CHORIZO CRIOLLO A LA BRASA,True,CHORIZO CRIOLLO A LA BRASA,CHORIZO CRIOLLO A LA BRASA,True,4.0,28.0,36.0,2026-04-20,2026-06-15,2026-06-21,CHORIZO CRIOLLO A LA BRASA,7.0,2,True,True,False,True,False,False,False,False,False,False,False,False,False,False,recent_observed,False,True,included_recent_demand_history
2231,PROVOLETA  A  LA  BRASA,True,PROVOLETA  A  LA  BRASA,True,PROVOLETA  A  LA  BRASA,PROVOLETA  A  LA  BRASA,True,30.0,0.0,36.0,2025-10-06,2026-06-15,2026-06-21,PROVOLETA  A  LA  BRASA,127.0,2,True,True,False,True,False,False,False,False,False,False,False,False,False,False,recent_observed,False,True,included_recent_demand_history
2246,MEJILLONES A LA BRASA CON SALSA THAI,True,MEJILLONES A LA BRASA CON SALSA THAI,True,MEJILLONES A LA BRASA CON SALSA THAI,MEJILLONES A LA BRASA CON SALSA THAI,True,7.0,0.0,36.0,2025-10-06,2026-06-15,2026-06-21,MEJILLONES A LA BRASA CON SALSA THAI,18.0,2,True,True,False,True,False,False,False,False,False,False,False,False,False,False,recent_observed,False,True,included_recent_demand_history
2263,MARTIN CODAX,True,MARTIN CODAX,True,MARTIN CODAX,MARTIN CODAX,True,2.0,23.0,36.0,2026-03-16,2026-06-15,2026-06-21,MARTIN CODAX,3.0,2,True,True,False,True,False,False,False,False,False,False,False,False,False,False,recent_observed,False,True,included_recent_demand_history
2317,VIÑA  ARDANZA,True,VIÑA  ARDANZA,True,VIÑA  ARDANZA,VIÑA  ARDANZA,True,18.0,0.0,36.0,2025-10-06,2026-06-15,2026-06-21,VIÑA  ARDANZA,36.0,2,True,True,False,True,False,False,False,False,False,False,False,False,False,False,recent_observed,False,True,included_recent_demand_history
2342,VIÑAS DEL VERO GEWURZTRAMINER,True,VIÑAS DEL VERO GEWURZTRAMINER,True,VIÑAS DEL VERO GEWURZTRAMINER,VIÑAS DEL VERO GEWURZTRAMINER,True,13.0,3.0,36.0,2025-10-27,2026-06-15,2026-06-21,VIÑAS DEL VERO GEWURZTRAMINER,18.0,2,True,True,False,True,False,False,False,False,False,False,False,False,False,False,recent_observed,False,True,included_recent_demand_history
2352,VICTORIA MALAGA,True,VICTORIA MALAGA,True,VICTORIA MALAGA,VICTORIA MALAGA,True,33.0,0.0,36.0,2025-10-06,2026-06-15,2026-06-21,VICTORIA MALAGA,525.0,2,True,True,False,True,False,False,False,False,False,False,False,False,False,False,recent_observed,False,True,included_recent_demand_history
2393,LA MATEO ROSE,True,LA MATEO ROSE,True,LA MATEO ROSE,LA MATEO ROSE,True,5.0,13.0,36.0,2026-01-05,2026-06-15,2026-06-21,LA MATEO ROSE,7.0,2,True,True,False,True,False,False,False,False,False,False,False,False,False,False,recent_observed,False,True,included_recent_demand_history
2397,JUEGABOLOS,True,JUEGABOLOS,True,JUEGABOLOS,JUEGABOLOS,True,6.0,6.0,36.0,2025-11-17,2026-06-15,2026-06-21,JUEGABOLOS,6.0,2,True,True,False,True,False,False,False,False,False,False,False,False,False,False,recent_observed,False,True,included_recent_demand_history
34018,MARICHAL RESERVA  TANNAT,True,MARICHAL RESERVA  TANNAT,True,MARICHAL RESERVA  TANNAT,MARICHAL RESERVA  TANNAT,True,1.0,36.0,36.0,2026-06-15,2026-06-15,2026-06-21,MARICHAL RESERVA  TANNAT,1.0,2,True,True,False,True,False,False,False,False,False,False,False,False,False,False,recent_observed,False,True,included_recent_demand_history
1616,ZUMOS VARIADOS,True,ZUMOS VARIADOS,True,ZUMOS VARIADOS,ZUMOS VARIADOS,True,17.0,0.0,35.0,2025-10-06,2026-06-08,2026-06-14,ZUMOS VARIADOS,28.0,3,True,True,False,True,False,False,False,False,False,False,False,False,False,False,recent_observed,False,True,included_recent_demand_history
1825,QUESO DE OVEJA,True,QUESO DE OVEJA,True,QUESO DE OVEJA,QUESO DE OVEJA,True,14.0,0.0,35.0,2025-10-06,2026-06-08,2026-06-14,QUESO DE OVEJA,17.0,3,True,True,False,True,False,False,False,False,False,False,False,False,False,False,recent_observed,False,True,included_recent_demand_history
2036,FINGERS DE POLLO,True,FINGERS DE POLLO,True,FINGERS DE POLLO,FINGERS DE POLLO,True,24.0,1.0,35.0,2025-10-13,2026-06-08,2026-06-14,FINGERS DE POLLO,50.0,3,True,True,False,True,False,False,False,False,False,False,False,False,False,False,recent_observed,False,True,included_recent_demand_history
2265,LA VICALANDA BLANCO,True,LA VICALANDA BLANCO,True,LA VICALANDA BLANCO,LA VICALANDA BLANCO,True,4.0,0.0,35.0,2025-10-06,2026-06-08,2026-06-14,LA VICALANDA BLANCO,4.0,3,True,True,False,True,False,False,False,False,False,False,False,False,False,False,recent_observed,False,True,included_recent_demand_history
2293,PIMIENTOS DE CARNE,True,PIMIENTOS DE CARNE,True,PIMIENTOS DE CARNE,PIMIENTOS DE CARNE,True,27.0,0.0,35.0,2025-10-06,2026-06-08,2026-06-14,PIMIENTOS DE CARNE,72.0,3,True,True,False,True,False,False,False,False,False,False,False,False,False,False,recent_observed,False,True,included_recent_demand_history
2294,"ARROZ MELOSO ""NEGRO""",True,"ARROZ MELOSO ""NEGRO""",True,"ARROZ MELOSO ""NEGRO""","ARROZ MELOSO ""NEGRO""",True,26.0,0.0,35.0,2025-10-06,2026-06-08,2026-06-14,"ARROZ MELOSO ""NEGRO""",118.0,3,True,True,False,True,False,False,False,False,False,False,False,False,False,False,recent_observed,False,True,included_recent_demand_history
2331,PROTOS 9 MESES,True,PROTOS 9 MESES,True,PROTOS 9 MESES,PROTOS 9 MESES,True,27.0,0.0,35.0,2025-10-06,2026-06-08,2026-06-14,PROTOS 9 MESES,50.0,3,True,True,False,True,False,False,False,False,False,False,False,False,False,False,recent_observed,False,True,included_recent_demand_history
2364,A TRABA GODELLO,True,A TRABA GODELLO,True,A TRABA GODELLO,A TRABA GODELLO,True,2.0,32.0,35.0,2026-05-18,2026-06-08,2026-06-14,A TRABA GODELLO,13.0,3,True,True,False,True,False,False,False,False,False,False,False,False,False,False,recent_observed,False,True,included_recent_demand_history
1705,TANQUERAY,True,TANQUERAY,True,TANQUERAY,TANQUERAY,True,14.0,2.0,34.0,2025-10-20,2026-06-01,2026-06-07,TANQUERAY,26.0,4,False,True,False,True,False,False,False,False,False,False,False,False,False,False,moderately_recent_observed,False,True,included_recent_demand_history
1712,RED LABEL,True,RED LABEL,True,RED LABEL,RED LABEL,True,14.0,0.0,34.0,2025-10-06,2026-06-01,2026-06-07,RED LABEL,24.0,4,False,True,False,True,False,False,False,False,False,False,False,False,False,False,moderately_recent_observed,False,True,included_recent_demand_history
1949,MEDIA DE FRITOS,True,MEDIA DE FRITOS,True,MEDIA DE FRITOS,MEDIA DE FRITOS,True,8.0,1.0,34.0,2025-10-13,2026-06-01,2026-06-07,MEDIA DE FRITOS,9.0,4,False,True,False,True,False,False,False,False,False,False,False,False,False,False,moderately_recent_observed,False,True,included_recent_demand_history
1986,MACALLAN 12,True,MACALLAN 12,True,MACALLAN 12,MACALLAN 12,True,9.0,0.0,34.0,2025-10-06,2026-06-01,2026-06-07,MACALLAN 12,20.0,4,False,True,False,True,False,False,False,False,False,False,False,False,False,False,moderately_recent_observed,False,True,included_recent_demand_history
2100,MANZANILLA,True,MANZANILLA,True,MANZANILLA,MANZANILLA,True,9.0,4.0,34.0,2025-11-03,2026-06-01,2026-06-07,MANZANILLA,25.0,4,False,True,False,True,False,False,False,False,False,False,False,False,False,False,moderately_recent_observed,False,True,included_recent_demand_history
2129,COULANT DE CHOCOLATE GLUTEN FREE,True,COULANT DE CHOCOLATE GLUTEN FREE,True,COULANT DE CHOCOLATE GLUTEN FREE,COULANT DE CHOCOLATE GLUTEN FREE,True,20.0,0.0,34.0,2025-10-06,2026-06-01,2026-06-07,COULANT DE CHOCOLATE GLUTEN FREE,30.0,4,False,True,False,True,False,False,False,False,False,False,False,False,False,False,moderately_recent_observed,False,True,included_recent_demand_history
2221,CUTTY SARK,True,CUTTY SARK,True,CUTTY SARK,CUTTY SARK,True,3.0,18.0,34.0,2026-02-09,2026-06-01,2026-06-07,CUTTY SARK,5.0,4,False,True,False,True,False,False,False,False,False,False,False,False,False,False,moderately_recent_observed,False,True,included_recent_demand_history
2273,JAMESON,True,JAMESON,True,JAMESON,JAMESON,True,5.0,8.0,34.0,2025-12-01,2026-06-01,2026-06-07,JAMESON,7.0,4,False,True,False,True,False,False,False,False,False,False,False,False,False,False,moderately_recent_observed,False,True,included_recent_demand_history
2306,PAN BAO DE COCHINITA PIBIL,True,PAN BAO DE COCHINITA PIBIL,True,PAN BAO DE COCHINITA PIBIL,PAN BAO DE COCHINITA PIBIL,True,10.0,6.0,34.0,2025-11-17,2026-06-01,2026-06-07,PAN BAO DE COCHINITA PIBIL,29.0,4,False,True,False,True,False,False,False,False,False,False,False,False,False,False,moderately_recent_observed,False,True,included_recent_demand_history
2345,ARROZ MELOSO BOLETUS Y TRUFA,True,ARROZ MELOSO BOLETUS Y TRUFA,True,ARROZ MELOSO BOLETUS Y TRUFA,ARROZ MELOSO BOLETUS Y TRUFA,True,8.0,1.0,34.0,2025-10-13,2026-06-01,2026-06-07,ARROZ MELOSO BOLETUS Y TRUFA,15.0,4,False,True,False,True,False,False,False,False,False,False,False,False,False,False,moderately_recent_observed,False,True,included_recent_demand_history
2355,MARQUES DE MURRIETA,True,MARQUES DE MURRIETA,True,MARQUES DE MURRIETA,MARQUES DE MURRIETA,True,15.0,1.0,34.0,2025-10-13,2026-06-01,2026-06-07,MARQUES DE MURRIETA,24.0,4,False,True,False,True,False,False,False,False,False,False,False,False,False,False,moderately_recent_observed,False,True,included_recent_demand_history
2390,LOPEZ CRISTOBAL ALBILLO,True,LOPEZ CRISTOBAL ALBILLO,True,LOPEZ CRISTOBAL ALBILLO,LOPEZ CRISTOBAL ALBILLO,True,3.0,5.0,34.0,2025-11-10,2026-06-01,2026-06-07,LOPEZ CRISTOBAL ALBILLO,4.0,4,False,True,False,True,False,False,False,False,False,False,False,False,False,False,moderately_recent_observed,False,True,included_recent_demand_history
2396,CARROA,True,CARROA,True,CARROA,CARROA,True,10.0,4.0,34.0,2025-11-03,2026-06-01,2026-06-07,CARROA,18.0,4,False,True,False,True,False,False,False,False,False,False,False,False,False,False,moderately_recent_observed,False,True,included_recent_demand_history
2398,PAGOS DE POSADA,True,PAGOS DE POSADA,True,PAGOS DE POSADA,PAGOS DE POSADA,True,8.0,0.0,34.0,2025-10-06,2026-06-01,2026-06-07,PAGOS DE POSADA,11.0,4,False,True,False,True,False,False,False,False,False,False,False,False,False,False,moderately_recent_observed,False,True,included_recent_demand_history
2122,MEDIA DE TORREZNOS,True,MEDIA DE TORREZNOS,True,MEDIA DE TORREZNOS,MEDIA DE TORREZNOS,True,18.0,1.0,33.0,2025-10-13,2026-05-25,2026-05-31,MEDIA DE TORREZNOS,24.0,5,False,True,False,True,False,False,False,False,False,False,False,False,False,False,moderately_recent_observed,False,True,included_recent_demand_history
2315,LA MATEO VENDIMIA,True,LA MATEO VENDIMIA,True,LA MATEO VENDIMIA,LA MATEO VENDIMIA,True,11.0,5.0,33.0,2025-11-10,2026-05-25,2026-05-31,LA MATEO VENDIMIA,15.0,5,False,True,False,True,False,False,False,False,False,False,False,False,False,False,moderately_recent_observed,False,True,included_recent_demand_history
2320,VALDERIZ,True,VALDERIZ,True,VALDERIZ,VALDERIZ,True,8.0,9.0,33.0,2025-12-08,2026-05-25,2026-05-31,VALDERIZ,13.0,5,False,True,False,True,False,False,False,False,False,False,False,False,False,False,moderately_recent_observed,False,True,included_recent_demand_history
2044,HENDRICKS,True,HENDRICKS,True,HENDRICKS,HENDRICKS,True,2.0,27.0,32.0,2026-04-13,2026-05-18,2026-05-24,HENDRICKS,3.0,6,False,True,False,True,False,False,False,False,False,False,False,False,False,False,moderately_recent_observed,False,True,included_recent_demand_history
2058,ARROZ MELOSO DE SOLOMILLO A LA PARRILLA,True,ARROZ MELOSO DE SOLOMILLO A LA PARRILLA,True,ARROZ MELOSO DE SOLOMILLO A LA PARRILLA,ARROZ MELOSO DE SOLOMILLO A LA PARRILLA,True,10.0,0.0,32.0,2025-10-06,2026-05-18,2026-05-24,ARROZ MELOSO DE SOLOMILLO A LA PARRILLA,23.0,6,False,True,False,True,False,False,False,False,False,False,False,False,False,False,moderately_recent_observed,False,True,included_recent_demand_history
1703,NORDÉS,True,NORDÉS,True,NORDÉS,NORDÉS,True,10.0,2.0,31.0,2025-10-20,2026-05-11,2026-05-17,NORDÉS,15.0,7,False,True,False,True,False,False,False,False,False,False,False,False,False,False,moderately_recent_observed,False,True,included_recent_demand_history
2114,TANQUERAY RANGPUR,True,TANQUERAY RANGPUR,True,TANQUERAY RANGPUR,TANQUERAY RANGPUR,True,2.0,27.0,31.0,2026-04-13,2026-05-11,2026-05-17,TANQUERAY RANGPUR,2.0,7,False,True,False,True,False,False,False,False,False,False,False,False,False,False,moderately_recent_observed,False,True,included_recent_demand_history
2188,SEPTIMA OBRA,True,SEPTIMA OBRA,True,SEPTIMA OBRA,SEPTIMA OBRA,True,20.0,0.0,31.0,2025-10-06,2026-05-11,2026-05-17,SEPTIMA OBRA,31.0,7,False,True,False,True,False,False,False,False,False,False,False,False,False,False,moderately_recent_observed,False,True,included_recent_demand_history
2194,MEDIA DE MEJILLONES A LA BRASA,True,MEDIA DE MEJILLONES A LA BRASA,True,MEDIA DE MEJILLONES A LA BRASA,MEDIA DE MEJILLONES A LA BRASA,True,10.0,1.0,31.0,2025-10-13,2026-05-11,2026-05-17,MEDIA DE MEJILLONES A LA BRASA,15.0,7,False,True,False,True,False,False,False,False,False,False,False,False,False,False,moderately_recent_observed,False,True,included_recent_demand_history
2204,CARAJILLO,True,CARAJILLO,True,CARAJILLO,CARAJILLO,True,13.0,0.0,31.0,2025-10-06,2026-05-11,2026-05-17,CARAJILLO,18.0,7,False,True,False,True,False,False,False,False,False,False,False,False,False,False,moderately_recent_observed,False,True,included_recent_demand_history
2387,BROWNIE DE CHOCOLATE,True,BROWNIE DE CHOCOLATE,True,BROWNIE DE CHOCOLATE,BROWNIE DE CHOCOLATE,True,32.0,0.0,31.0,2025-10-06,2026-05-11,2026-05-17,BROWNIE DE CHOCOLATE,331.0,7,False,True,False,True,False,False,False,False,False,False,False,False,False,False,moderately_recent_observed,False,True,included_recent_demand_history
2399,TERMES,True,TERMES,True,TERMES,TERMES,True,8.0,0.0,31.0,2025-10-06,2026-05-11,2026-05-17,TERMES,11.0,7,False,True,False,True,False,False,False,False,False,False,False,False,False,False,moderately_recent_observed,False,True,included_recent_demand_history
2041,ZACAPA,True,ZACAPA,True,ZACAPA,ZACAPA,True,4.0,12.0,30.0,2025-12-29,2026-05-04,2026-05-10,ZACAPA,8.0,8,False,False,False,True,False,False,False,False,False,False,False,False,False,False,stale_observed,True,True,included_observed_history_conservative
2132,PRIOR SCALA DEI,True,PRIOR SCALA DEI,True,PRIOR SCALA DEI,PRIOR SCALA DEI,True,6.0,6.0,30.0,2025-11-17,2026-05-04,2026-05-10,PRIOR SCALA DEI,7.0,8,False,False,False,True,False,False,False,False,False,False,False,False,False,False,stale_observed,True,True,included_observed_history_conservative
2228,TARTA DE QUESO CON CHOCOLATE,True,TARTA DE QUESO CON CHOCOLATE,True,TARTA DE QUESO CON CHOCOLATE,TARTA DE QUESO CON CHOCOLATE,True,1.0,30.0,30.0,2026-05-04,2026-05-04,2026-05-10,TARTA DE QUESO CON CHOCOLATE,1.0,8,False,False,False,True,False,False,False,False,False,False,False,False,False,False,stale_observed,True,True,included_observed_history_conservative
2316,LA VANIDOSA,True,LA VANIDOSA,True,LA VANIDOSA,LA VANIDOSA,True,10.0,4.0,30.0,2025-11-03,2026-05-04,2026-05-10,LA VANIDOSA,11.0,8,False,False,False,True,False,False,False,False,False,False,False,False,False,False,stale_observed,True,True,included_observed_history_conservative
2334,LIMONCELLO VILLA MASSA,True,LIMONCELLO VILLA MASSA,True,LIMONCELLO VILLA MASSA,LIMONCELLO VILLA MASSA,True,6.0,3.0,30.0,2025-10-27,2026-05-04,2026-05-10,LIMONCELLO VILLA MASSA,12.0,8,False,False,False,True,False,False,False,False,False,False,False,False,False,False,stale_observed,True,True,included_observed_history_conservative
2042,GREY GOOSE,True,GREY GOOSE,True,GREY GOOSE,GREY GOOSE,True,3.0,15.0,29.0,2026-01-19,2026-04-27,2026-05-03,GREY GOOSE,4.0,9,False,False,False,True,False,False,False,False,False,False,False,False,False,False,stale_observed,True,True,included_observed_history_conservative
1704,PUERTO DE INDIAS,True,PUERTO DE INDIAS,True,PUERTO DE INDIAS,PUERTO DE INDIAS,True,5.0,6.0,28.0,2025-11-17,2026-04-20,2026-04-26,PUERTO DE INDIAS,7.0,10,False,False,False,True,False,False,False,False,False,False,False,False,False,False,stale_observed,True,True,included_observed_history_conservative
2038,LARIOS 12,True,LARIOS 12,True,LARIOS 12,LARIOS 12,True,1.0,28.0,28.0,2026-04-20,2026-04-20,2026-04-26,LARIOS 12,2.0,10,False,False,False,True,False,False,False,False,False,False,False,False,False,False,stale_observed,True,True,included_observed_history_conservative
2040,BOMBAY SAPHIRE,True,BOMBAY SAPHIRE,True,BOMBAY SAPHIRE,BOMBAY SAPHIRE,True,5.0,0.0,28.0,2025-10-06,2026-04-20,2026-04-26,BOMBAY SAPHIRE,5.0,10,False,False,False,True,False,False,False,False,False,False,False,False,False,False,stale_observed,True,True,included_observed_history_conservative
2287,AGUA CRISTAL 1L LIMON,True,AGUA CRISTAL 1L LIMON,True,AGUA CRISTAL 1L LIMON,AGUA CRISTAL 1L LIMON,True,7.0,4.0,28.0,2025-11-03,2026-04-20,2026-04-26,AGUA CRISTAL 1L LIMON,12.0,10,False,False,False,True,False,False,False,False,False,False,False,False,False,False,stale_observed,True,True,included_observed_history_conservative
2374,CROQUETA DE CECINA,True,CROQUETA DE CECINA,True,CROQUETA DE CECINA,CROQUETA DE CECINA,True,5.0,10.0,28.0,2025-12-15,2026-04-20,2026-04-26,CROQUETA DE CECINA,111.0,10,False,False,False,True,False,False,False,False,False,False,False,False,False,False,stale_observed,True,True,included_observed_history_conservative
2389,SANTIGUADERO,True,SANTIGUADERO,True,SANTIGUADERO,SANTIGUADERO,True,2.0,9.0,28.0,2025-12-08,2026-04-20,2026-04-26,SANTIGUADERO,3.0,10,False,False,False,True,False,False,False,False,False,False,False,False,False,False,stale_observed,True,True,included_observed_history_conservative
1985,FLOR DE CAÑA 7 AÑOS,True,FLOR DE CAÑA 7 AÑOS,True,FLOR DE CAÑA 7 AÑOS,FLOR DE CAÑA 7 AÑOS,True,2.0,26.0,27.0,2026-04-06,2026-04-13,2026-04-19,FLOR DE CAÑA 7 AÑOS,2.0,11,False,False,False,True,False,False,False,False,False,False,False,False,False,False,stale_observed,True,True,included_observed_history_conservative
2120,HABANA 7,True,HABANA 7,True,HABANA 7,HABANA 7,True,2.0,18.0,27.0,2026-02-09,2026-04-13,2026-04-19,HABANA 7,2.0,11,False,False,False,True,False,False,False,False,False,False,False,False,False,False,stale_observed,True,True,included_observed_history_conservative
2173,FINO,True,FINO,True,FINO,FINO,True,5.0,11.0,27.0,2025-12-22,2026-04-13,2026-04-19,FINO,7.0,11,False,False,False,True,False,False,False,False,False,False,False,False,False,False,stale_observed,True,True,included_observed_history_conservative
2285,VALDUERO UNA CEPA,True,VALDUERO UNA CEPA,True,VALDUERO UNA CEPA,VALDUERO UNA CEPA,True,6.0,4.0,27.0,2025-11-03,2026-04-13,2026-04-19,VALDUERO UNA CEPA,6.0,11,False,False,False,True,False,False,False,False,False,False,False,False,False,False,stale_observed,True,True,included_observed_history_conservative
2344,MOJITO,True,MOJITO,True,MOJITO,MOJITO,True,3.0,10.0,27.0,2025-12-15,2026-04-13,2026-04-19,MOJITO,7.0,11,False,False,False,True,False,False,False,False,False,False,False,False,False,False,stale_observed,True,True,included_observed_history_conservative
2310,RONSSE LEGENDARIO,True,RONSSE LEGENDARIO,True,RONSSE LEGENDARIO,RONSSE LEGENDARIO,True,1.0,26.0,26.0,2026-04-06,2026-04-06,2026-04-12,RONSSE LEGENDARIO,1.0,12,False,False,False,True,False,False,False,False,False,False,False,False,False,False,stale_observed,True,True,included_observed_history_conservative
2337,VIÑA POMAL ROSADO,True,VIÑA POMAL ROSADO,True,VIÑA POMAL ROSADO,VIÑA POMAL ROSADO,True,2.0,11.0,25.0,2025-12-22,2026-03-30,2026-04-05,VIÑA POMAL ROSADO,3.0,13,False,False,False,True,False,False,False,False,False,False,False,False,False,False,stale_observed,True,True,included_observed_history_conservative
2351,TEMPURA DE LANGOSTINOS Y VERDURAS,True,TEMPURA DE LANGOSTINOS Y VERDURAS,True,TEMPURA DE LANGOSTINOS Y VERDURAS,TEMPURA DE LANGOSTINOS Y VERDURAS,True,26.0,0.0,25.0,2025-10-06,2026-03-30,2026-04-05,TEMPURA DE LANGOSTINOS Y VERDURAS,174.0,13,False,False,False,True,False,False,False,False,False,False,False,False,False,False,stale_observed,True,True,included_observed_history_conservative
2377,GAMBA ROJA  A LA PLANCHA,True,GAMBA ROJA  A LA PLANCHA,True,GAMBA ROJA  A LA PLANCHA,GAMBA ROJA  A LA PLANCHA,True,12.0,11.0,25.0,2025-12-22,2026-03-30,2026-04-05,GAMBA ROJA  A LA PLANCHA,341.0,13,False,False,False,True,False,False,False,False,False,False,False,False,False,False,stale_observed,True,True,included_observed_history_conservative
2349,BURRATA,True,BURRATA,True,BURRATA,BURRATA,True,25.0,0.0,24.0,2025-10-06,2026-03-23,2026-03-29,BURRATA,135.0,14,False,False,False,True,False,False,False,False,False,False,False,False,False,False,stale_observed,True,True,included_observed_history_conservative
2350,RODABALLO DE ANZUELO,True,RODABALLO DE ANZUELO,True,RODABALLO DE ANZUELO,RODABALLO DE ANZUELO,True,25.0,0.0,24.0,2025-10-06,2026-03-23,2026-03-29,RODABALLO DE ANZUELO,168.0,14,False,False,False,True,False,False,False,False,False,False,False,False,False,False,stale_observed,True,True,included_observed_history_conservative
2341,TXINPANZE BLANCO,True,TXINPANZE BLANCO,True,TXINPANZE BLANCO,TXINPANZE BLANCO,True,3.0,3.0,23.0,2025-10-27,2026-03-16,2026-03-22,TXINPANZE BLANCO,3.0,15,False,False,False,True,False,False,False,False,False,False,False,False,False,False,stale_observed,True,True,included_observed_history_conservative
34007,DYC,True,DYC,True,DYC,DYC,True,1.0,23.0,23.0,2026-03-16,2026-03-16,2026-03-22,DYC,1.0,15,False,False,False,True,False,False,False,False,False,False,False,False,False,False,stale_observed,True,True,included_observed_history_conservative
2011,JACK DANIELS,True,JACK DANIELS,True,JACK DANIELS,JACK DANIELS,True,2.0,5.0,22.0,2025-11-10,2026-03-09,2026-03-15,JACK DANIELS,2.0,16,False,False,False,True,False,False,False,False,False,False,False,False,False,False,stale_observed,True,True,included_observed_history_conservative
2191,ENSALADA MIXTA,True,ENSALADA MIXTA,True,ENSALADA MIXTA,ENSALADA MIXTA,True,15.0,0.0,22.0,2025-10-06,2026-03-09,2026-03-15,ENSALADA MIXTA,22.0,16,False,False,False,True,False,False,False,False,False,False,False,False,False,False,stale_observed,True,True,included_observed_history_conservative
2229,GLENFIDDICH 12,True,GLENFIDDICH 12,True,GLENFIDDICH 12,GLENFIDDICH 12,True,3.0,6.0,22.0,2025-11-17,2026-03-09,2026-03-15,GLENFIDDICH 12,3.0,16,False,False,False,True,False,False,False,False,False,False,False,False,False,False,stale_observed,True,True,included_observed_history_conservative
2232,MAHOU,True,MAHOU,True,MAHOU,MAHOU,True,6.0,12.0,20.0,2025-12-29,2026-02-23,2026-03-01,MAHOU,118.0,18,False,False,False,True,False,False,False,False,False,False,False,False,False,False,stale_observed,True,True,included_observed_history_conservative
2356,MARQUES DE ATRIO ED. LTDA.,True,MARQUES DE ATRIO ED. LTDA.,True,MARQUES DE ATRIO ED. LTDA.,MARQUES DE ATRIO ED. LTDA.,True,3.0,0.0,19.0,2025-10-06,2026-02-16,2026-02-22,MARQUES DE ATRIO ED. LTDA.,7.0,19,False,False,False,True,False,False,False,False,False,False,False,False,False,False,stale_observed,True,True,included_observed_history_conservative
1996,SOLAGÜEN CRIANZA,True,SOLAGÜEN CRIANZA,True,SOLAGÜEN CRIANZA,SOLAGÜEN CRIANZA,True,4.0,2.0,18.0,2025-10-20,2026-02-09,2026-02-15,SOLAGÜEN CRIANZA,7.0,20,False,False,False,True,False,False,False,False,False,False,False,False,False,False,stale_observed,True,True,included_observed_history_conservative
2395,LA REQUEMADA,True,LA REQUEMADA,True,LA REQUEMADA,LA REQUEMADA,True,4.0,5.0,18.0,2025-11-10,2026-02-09,2026-02-15,LA REQUEMADA,6.0,20,False,False,False,True,False,False,False,False,False,False,False,False,False,False,stale_observed,True,True,included_observed_history_conservative
1771,TANQUERAY TEN,True,TANQUERAY TEN,True,TANQUERAY TEN,TANQUERAY TEN,True,2.0,15.0,17.0,2026-01-19,2026-02-02,2026-02-08,TANQUERAY TEN,4.0,21,False,False,False,True,False,False,False,False,False,False,False,False,False,False,stale_observed,True,True,included_observed_history_conservative
2135,ZURITO,True,ZURITO,True,ZURITO,ZURITO,True,2.0,1.0,17.0,2025-10-13,2026-02-02,2026-02-08,ZURITO,2.0,21,False,False,False,True,False,False,False,False,False,False,False,False,False,False,stale_observed,True,True,included_observed_history_conservative
2157,TEQUILA DON JULIO REPOSADO,True,TEQUILA DON JULIO REPOSADO,True,TEQUILA DON JULIO REPOSADO,TEQUILA DON JULIO REPOSADO,True,2.0,0.0,17.0,2025-10-06,2026-02-02,2026-02-08,TEQUILA DON JULIO REPOSADO,3.0,21,False,False,False,True,False,False,False,False,False,False,False,False,False,False,stale_observed,True,True,included_observed_history_conservative
2268,CAN MATONS,True,CAN MATONS,True,CAN MATONS,CAN MATONS,True,1.0,16.0,16.0,2026-01-26,2026-01-26,2026-02-01,CAN MATONS,1.0,22,False,False,False,True,False,False,False,False,False,False,False,False,False,False,stale_observed,True,True,included_observed_history_conservative
2336,TALIMA,True,TALIMA,True,TALIMA,TALIMA,True,1.0,15.0,15.0,2026-01-19,2026-01-19,2026-01-25,TALIMA,2.0,23,False,False,False,True,False,False,False,False,False,False,False,False,False,False,stale_observed,True,True,included_observed_history_conservative
2365,TERRAS GAUDA,True,TERRAS GAUDA,True,TERRAS GAUDA,TERRAS GAUDA,True,1.0,14.0,14.0,2026-01-12,2026-01-12,2026-01-18,TERRAS GAUDA,1.0,24,False,False,False,True,False,False,False,False,False,False,False,False,False,False,stale_observed,True,True,included_observed_history_conservative
1779,GVINE,True,GVINE,True,GVINE,GVINE,True,3.0,5.0,12.0,2025-11-10,2025-12-29,2026-01-04,GVINE,4.0,26,False,False,False,True,False,False,False,False,False,False,False,False,False,False,stale_observed,True,True,included_observed_history_conservative
2017,ZUMO DE NARANJA  NATURAL,True,ZUMO DE NARANJA  NATURAL,True,ZUMO DE NARANJA  NATURAL,ZUMO DE NARANJA  NATURAL,True,1.0,12.0,12.0,2025-12-29,2025-12-29,2026-01-04,ZUMO DE NARANJA  NATURAL,1.0,26,False,False,False,True,False,False,False,False,False,False,False,False,False,False,stale_observed,True,True,included_observed_history_conservative
2281,NAVAJAS A LA BRASA,True,NAVAJAS A LA BRASA,True,NAVAJAS A LA BRASA,NAVAJAS A LA BRASA,True,9.0,4.0,12.0,2025-11-03,2025-12-29,2026-01-04,NAVAJAS A LA BRASA,36.0,26,False,False,False,True,False,False,False,False,False,False,False,False,False,False,stale_observed,True,True,included_observed_history_conservative
2045,AMARETTO DISARONNO,True,AMARETTO DISARONNO,True,AMARETTO DISARONNO,AMARETTO DISARONNO,True,1.0,11.0,11.0,2025-12-22,2025-12-22,2025-12-28,AMARETTO DISARONNO,1.0,27,False,False,False,True,False,False,False,False,False,False,False,False,False,False,stale_observed,True,True,included_observed_history_conservative
2192,BERBERECHOS A LA BRASA,True,BERBERECHOS A LA BRASA,True,BERBERECHOS A LA BRASA,BERBERECHOS A LA BRASA,True,8.0,4.0,11.0,2025-11-03,2025-12-22,2025-12-28,BERBERECHOS A LA BRASA,42.0,27,False,False,False,True,False,False,False,False,False,False,False,False,False,False,stale_observed,True,True,included_observed_history_conservative
34011,CROQUETA DE CHIPIRONES EN SU TINTA,True,CROQUETA DE CHIPIRONES EN SU TINTA,True,CROQUETA DE CHIPIRONES EN SU TINTA,CROQUETA DE CHIPIRONES EN SU TINTA,True,4.0,5.0,11.0,2025-11-10,2025-12-22,2025-12-28,CROQUETA DE CHIPIRONES EN SU TINTA,56.0,27,False,False,False,True,False,False,False,False,False,False,False,False,False,False,stale_observed,True,True,included_observed_history_conservative
34014,LUBINA  AL HORNO,True,LUBINA  AL HORNO,True,LUBINA  AL HORNO,LUBINA  AL HORNO,True,1.0,11.0,11.0,2025-12-22,2025-12-22,2025-12-28,LUBINA  AL HORNO,1.0,27,False,False,False,True,False,False,False,False,False,False,False,False,False,False,stale_observed,True,True,included_observed_history_conservative
2195,MEDIA DE BERBERECHOS A LA BRASA,True,MEDIA DE BERBERECHOS A LA BRASA,True,MEDIA DE BERBERECHOS A LA BRASA,MEDIA DE BERBERECHOS A LA BRASA,True,7.0,4.0,10.0,2025-11-03,2025-12-15,2025-12-21,MEDIA DE BERBERECHOS A LA BRASA,8.0,28,False,False,False,True,False,False,False,False,False,False,False,False,False,False,stale_observed,True,True,included_observed_history_conservative
34013,MARGARITA,True,MARGARITA,True,MARGARITA,MARGARITA,True,2.0,7.0,10.0,2025-11-24,2025-12-15,2025-12-21,MARGARITA,5.0,28,False,False,False,True,False,False,False,False,False,False,False,False,False,False,stale_observed,True,True,included_observed_history_conservative
2340,TXINPANZE TINTO,True,TXINPANZE TINTO,True,TXINPANZE TINTO,TXINPANZE TINTO,True,3.0,5.0,9.0,2025-11-10,2025-12-08,2025-12-14,TXINPANZE TINTO,3.0,29,False,False,False,True,False,False,False,False,False,False,False,False,False,False,stale_observed,True,True,included_observed_history_conservative
2149,LEGENDARIO,True,LEGENDARIO,True,LEGENDARIO,LEGENDARIO,True,3.0,0.0,6.0,2025-10-06,2025-11-17,2025-11-23,LEGENDARIO,6.0,32,False,False,False,True,False,False,False,False,False,False,False,False,False,False,stale_observed,True,True,included_observed_history_conservative
34012,MAGNO,True,MAGNO,True,MAGNO,MAGNO,True,1.0,6.0,6.0,2025-11-17,2025-11-17,2025-11-23,MAGNO,2.0,32,False,False,False,True,False,False,False,False,False,False,False,False,False,False,stale_observed,True,True,included_observed_history_conservative
2023,RAIMAT ALBARIÑO,True,RAIMAT ALBARIÑO,True,RAIMAT ALBARIÑO,RAIMAT ALBARIÑO,True,4.0,0.0,3.0,2025-10-06,2025-10-27,2025-11-02,RAIMAT ALBARIÑO,27.0,35,False,False,False,True,False,False,False,False,False,False,False,False,False,False,stale_observed,True,True,included_observed_history_conservative
2288,POSTALES DE FIN DEL MUNDO,True,POSTALES DE FIN DEL MUNDO,True,POSTALES DE FIN DEL MUNDO,POSTALES DE FIN DEL MUNDO,True,2.0,0.0,1.0,2025-10-06,2025-10-13,2025-10-19,POSTALES DE FIN DEL MUNDO,3.0,37,False,False,False,True,False,False,False,False,False,False,False,False,False,False,stale_observed,True,True,included_observed_history_conservative
2304,MINI TORTILLA CON TRUFA,True,MINI TORTILLA CON TRUFA,True,MINI TORTILLA CON TRUFA,MINI TORTILLA CON TRUFA,True,1.0,1.0,1.0,2025-10-13,2025-10-13,2025-10-19,MINI TORTILLA CON TRUFA,1.0,37,False,False,False,True,False,False,False,False,False,False,False,False,False,False,stale_observed,True,True,included_observed_history_conservative
2353,MARQUES DE ATRIO,True,MARQUES DE ATRIO,True,MARQUES DE ATRIO,MARQUES DE ATRIO,True,1.0,1.0,1.0,2025-10-13,2025-10-13,2025-10-19,MARQUES DE ATRIO,1.0,37,False,False,False,True,False,False,False,False,False,False,False,False,False,False,stale_observed,True,True,included_observed_history_conservative
2357,MUGA CRIANZA,True,MUGA CRIANZA,True,MUGA CRIANZA,MUGA CRIANZA,True,1.0,0.0,0.0,2025-10-06,2025-10-06,2025-10-12,MUGA CRIANZA,1.0,38,False,False,False,True,False,False,False,False,False,False,False,False,False,False,stale_observed,True,True,included_observed_history_conservative
