report_start,report_end,article_code,article_name,department_code,department_name,article_demand_regime_prior,activity_status,manual_review_required,forecast_scope_reason,periods_since_last_observed,selected_model,predicted_units,predicted_units_rounded,forecast_rank,forecast_share,forecast_cumulative_share,planning_class,used_prediction_fallback,units__lag_1,units__rolling_mean_4,units__expanding_mean_prior,history_observation_rate,periods_since_last_observation,context_coverage_fraction,context_days_available,context_temperature_mean__mean,context_temperature_max__mean,context_temperature_min__mean,context_precipitation_mm__mean,context_precipitation_mm__sum,context_rain_mm__mean,context_rain_mm__sum,context_precipitation_hours__mean,context_precipitation_hours__sum,context_wind_speed_max_kmh__mean,context_sunshine_duration_s__mean,context_sunshine_hours__mean,context_es_festivo__days_true,context_num_festivos__mean,context_num_festivos__sum,context_tiene_evento__days_true,context_num_eventos__mean,context_num_eventos__sum,context_event_intensity_mean__mean,context_event_intensity_max__mean
2026-07-13,2026-07-19,96,RACIÓN DE PAN,15,OTROS,frequent,recent_observed,False,included_recent_demand_history,0,Historical expanding mean,382.2564102564103,382,1,0.13995035177206022,0.13995035177206022,A,False,362.0,349.25,382.2564102564103,1.0,1.0,1.0,7,,,,,,,,,,,,,0,0.0,0.0,7,4.142857142857143,29.0,1.6047619047619046,2.5714285714285716
2026-07-13,2026-07-19,1637,COPA DE VICTORIA,5,CERVEZAS,frequent,recent_observed,False,included_recent_demand_history,0,Historical expanding mean,131.25641025641025,131,2,0.04805512816750578,0.188005479939566,A,False,166.0,147.75,131.25641025641025,1.0,1.0,1.0,7,,,,,,,,,,,,,0,0.0,0.0,7,4.142857142857143,29.0,1.6047619047619046,2.5714285714285716
2026-07-13,2026-07-19,1690,CAFÉ E INFUSIONES,13,POSTRES,frequent,recent_observed,False,included_recent_demand_history,0,Historical expanding mean,114.87179487179488,115,3,0.04205645129721155,0.23006193123677757,A,False,86.0,96.0,114.87179487179488,1.0,1.0,1.0,7,,,,,,,,,,,,,0,0.0,0.0,7,4.142857142857143,29.0,1.6047619047619046,2.5714285714285716
2026-07-13,2026-07-19,2138,SAM DE GAMBAS,28,CLASICOS,frequent,recent_observed,False,included_recent_demand_history,0,Historical expanding mean,77.56410256410257,78,4,0.02839749222635378,0.25845942346313133,A,False,93.0,79.25,77.56410256410257,1.0,1.0,1.0,7,,,,,,,,,,,,,0,0.0,0.0,7,4.142857142857143,29.0,1.6047619047619046,2.5714285714285716
2026-07-13,2026-07-19,1945,EXTRA CROQUETA DE JAMON,22,EXTRAS,frequent,recent_observed,False,included_recent_demand_history,0,Historical expanding mean,71.3076923076923,71,5,0.026106917646773507,0.28456634110990486,A,False,62.0,64.75,71.3076923076923,1.0,1.0,1.0,7,,,,,,,,,,,,,0,0.0,0.0,7,4.142857142857143,29.0,1.6047619047619046,2.5714285714285716
2026-07-13,2026-07-19,2309,AGUA 70CL,4,REFRESCOS,frequent,recent_observed,False,included_recent_demand_history,0,Historical expanding mean,68.56410256410257,69,6,0.025102444368023145,0.30966878547792803,A,False,74.0,69.0,68.56410256410257,1.0,1.0,1.0,7,,,,,,,,,,,,,0,0.0,0.0,7,4.142857142857143,29.0,1.6047619047619046,2.5714285714285716
2026-07-13,2026-07-19,2,RAVIOLI DE RABO DE TERNERA,28,CLASICOS,frequent,recent_observed,False,included_recent_demand_history,0,Historical expanding mean,60.97435897435897,61,7,0.022323714550171663,0.3319925000280997,A,False,52.0,48.75,60.97435897435897,1.0,1.0,1.0,7,,,,,,,,,,,,,0,0.0,0.0,7,4.142857142857143,29.0,1.6047619047619046,2.5714285714285716
2026-07-13,2026-07-19,1974,ZAMBURIÑAS A LA BRASA,3,CARTA,frequent,recent_observed,False,included_recent_demand_history,0,Historical expanding mean,54.371428571428574,54,8,0.019906273252073656,0.3518987732801734,A,False,40.0,53.25,54.371428571428574,0.8974358974358975,1.0,1.0,7,,,,,,,,,,,,,0,0.0,0.0,7,4.142857142857143,29.0,1.6047619047619046,2.5714285714285716
2026-07-13,2026-07-19,1691,CERVEZA VICTORIA,5,CERVEZAS,frequent,recent_observed,False,included_recent_demand_history,0,Historical expanding mean,51.69230769230769,52,9,0.018925403083745195,0.37082417636391857,A,False,47.0,61.25,51.69230769230769,1.0,1.0,1.0,7,,,,,,,,,,,,,0,0.0,0.0,7,4.142857142857143,29.0,1.6047619047619046,2.5714285714285716
2026-07-13,2026-07-19,2381,PAN BAO DE CARRILLERA DE CERDO,1,TAPAS CALIENTES,frequent,recent_observed,False,included_recent_demand_history,0,Historical expanding mean,50.43589743589744,50,10,0.018465410647681944,0.3892895870116005,A,False,50.0,39.0,50.43589743589744,1.0,1.0,1.0,7,,,,,,,,,,,,,0,0.0,0.0,7,4.142857142857143,29.0,1.6047619047619046,2.5714285714285716
2026-07-13,2026-07-19,30001,MENU DEL DIA,30,MENU DEL DIA,frequent,recent_observed,False,included_recent_demand_history,0,Historical expanding mean,49.86486486486486,50,11,0.018256346242102175,0.40754593325370264,A,False,69.0,78.75,49.86486486486486,0.9487179487179487,1.0,1.0,7,,,,,,,,,,,,,0,0.0,0.0,7,4.142857142857143,29.0,1.6047619047619046,2.5714285714285716
2026-07-13,2026-07-19,48,AGUA CRISTAL,4,REFRESCOS,frequent,recent_observed,False,included_recent_demand_history,0,Historical expanding mean,43.56410256410256,44,12,0.01594953365043804,0.4234954669041407,A,False,28.0,36.0,43.56410256410256,1.0,1.0,1.0,7,,,,,,,,,,,,,0,0.0,0.0,7,4.142857142857143,29.0,1.6047619047619046,2.5714285714285716
2026-07-13,2026-07-19,2280,LEGARIS ROBLE,9,TINTOS,frequent,recent_observed,False,included_recent_demand_history,0,Historical expanding mean,37.94871794871795,38,13,0.013893649089257385,0.4373891159933981,A,False,28.0,23.0,37.94871794871795,1.0,1.0,1.0,7,,,,,,,,,,,,,0,0.0,0.0,7,4.142857142857143,29.0,1.6047619047619046,2.5714285714285716
2026-07-13,2026-07-19,49,AGUA CON GAS,4,REFRESCOS,frequent,recent_observed,False,included_recent_demand_history,0,Historical expanding mean,35.12820512820513,35,14,0.012861013008299067,0.45025012900169714,A,False,37.0,42.25,35.12820512820513,1.0,1.0,1.0,7,,,,,,,,,,,,,0,0.0,0.0,7,4.142857142857143,29.0,1.6047619047619046,2.5714285714285716
2026-07-13,2026-07-19,37,COCA COLA ZERO,4,REFRESCOS,frequent,recent_observed,False,included_recent_demand_history,0,Historical expanding mean,34.23076923076923,34,15,0.012532446982539603,0.4627825759842367,A,False,28.0,32.5,34.23076923076923,1.0,1.0,1.0,7,,,,,,,,,,,,,0,0.0,0.0,7,4.142857142857143,29.0,1.6047619047619046,2.5714285714285716
2026-07-13,2026-07-19,1901,EMPANADILLA CRIOLLA,1,TAPAS CALIENTES,frequent,recent_observed,False,included_recent_demand_history,0,Historical expanding mean,33.69230769230769,34,16,0.012335307367083923,0.47511788335132066,A,False,45.0,30.5,33.69230769230769,1.0,1.0,1.0,7,,,,,,,,,,,,,0,0.0,0.0,7,4.142857142857143,29.0,1.6047619047619046,2.5714285714285716
2026-07-13,2026-07-19,2303,BOCATIN DE CALAMARES,1,TAPAS CALIENTES,frequent,recent_observed,False,included_recent_demand_history,0,Historical expanding mean,29.871794871794872,30,17,0.010936554857422199,0.48605443820874283,A,False,40.0,29.25,29.871794871794872,1.0,1.0,1.0,7,,,,,,,,,,,,,0,0.0,0.0,7,4.142857142857143,29.0,1.6047619047619046,2.5714285714285716
2026-07-13,2026-07-19,10,KIMUCHI DE MARISCOS,28,CLASICOS,frequent,recent_observed,False,included_recent_demand_history,0,Historical expanding mean,28.333333333333332,28,18,0.010373298813263116,0.49642773702200593,A,False,25.0,29.0,28.333333333333332,1.0,1.0,1.0,7,,,,,,,,,,,,,0,0.0,0.0,7,4.142857142857143,29.0,1.6047619047619046,2.5714285714285716
2026-07-13,2026-07-19,1523,TINTO DE VERANO,5,CERVEZAS,frequent,recent_observed,False,included_recent_demand_history,0,Historical expanding mean,28.128205128205128,28,19,0.010298198007375237,0.5067259350293811,A,False,48.0,53.5,28.128205128205128,1.0,1.0,1.0,7,,,,,,,,,,,,,0,0.0,0.0,7,4.142857142857143,29.0,1.6047619047619046,2.5714285714285716
2026-07-13,2026-07-19,1801,TARTA ARABE,13,POSTRES,frequent,recent_observed,False,included_recent_demand_history,0,Historical expanding mean,27.384615384615383,27,20,0.01002595758603168,0.5167518926154128,A,False,19.0,20.0,27.384615384615383,1.0,1.0,1.0,7,,,,,,,,,,,,,0,0.0,0.0,7,4.142857142857143,29.0,1.6047619047619046,2.5714285714285716
2026-07-13,2026-07-19,2237,YEMA DE HUEVO DE CORRAL,28,CLASICOS,frequent,recent_observed,False,included_recent_demand_history,0,Historical expanding mean,27.358974358974358,27,21,0.010016569985295695,0.5267684626007084,A,False,19.0,19.5,27.358974358974358,1.0,1.0,1.0,7,,,,,,,,,,,,,0,0.0,0.0,7,4.142857142857143,29.0,1.6047619047619046,2.5714285714285716
2026-07-13,2026-07-19,1,NUESTRAS CROQUETAS DE JAMON,28,CLASICOS,frequent,recent_observed,False,included_recent_demand_history,0,Historical expanding mean,27.025641025641026,27,22,0.009894531175727896,0.5366629937764363,A,False,28.0,29.75,27.025641025641026,1.0,1.0,1.0,7,,,,,,,,,,,,,0,0.0,0.0,7,4.142857142857143,29.0,1.6047619047619046,2.5714285714285716
2026-07-13,2026-07-19,1848,VIÑA POMAL CRIANZA,9,TINTOS,frequent,recent_observed,False,included_recent_demand_history,0,Historical expanding mean,24.743589743589745,25,23,0.009059034710225256,0.5457220284866616,A,False,12.0,12.5,24.743589743589745,1.0,1.0,1.0,7,,,,,,,,,,,,,0,0.0,0.0,7,4.142857142857143,29.0,1.6047619047619046,2.5714285714285716
2026-07-13,2026-07-19,2391,CONDE DEL PAZO,8,BLANCOS,frequent,recent_observed,False,included_recent_demand_history,0,Historical expanding mean,24.743589743589745,25,24,0.009059034710225256,0.5547810631968869,A,False,28.0,24.25,24.743589743589745,1.0,1.0,1.0,7,,,,,,,,,,,,,0,0.0,0.0,7,4.142857142857143,29.0,1.6047619047619046,2.5714285714285716
2026-07-13,2026-07-19,1504,TORRIJA,13,POSTRES,frequent,recent_observed,False,included_recent_demand_history,0,Historical expanding mean,24.358974358974358,24,25,0.008918220699185483,0.5636992838960724,A,False,16.0,14.75,24.358974358974358,1.0,1.0,1.0,7,,,,,,,,,,,,,0,0.0,0.0,7,4.142857142857143,29.0,1.6047619047619046,2.5714285714285716
2026-07-13,2026-07-19,2335,TORTITA DE CAMARONES,14,SUGERENCIAS,frequent,recent_observed,False,included_recent_demand_history,0,Historical expanding mean,24.05128205128205,24,26,0.008805569490353668,0.5725048533864261,A,False,23.0,27.5,24.05128205128205,1.0,1.0,1.0,7,,,,,,,,,,,,,0,0.0,0.0,7,4.142857142857143,29.0,1.6047619047619046,2.5714285714285716
2026-07-13,2026-07-19,2378,TIGRE DE BOGAVANTE,1,TAPAS CALIENTES,frequent,recent_observed,False,included_recent_demand_history,0,Historical expanding mean,23.692307692307693,24,27,0.008674143080049882,0.581178996466476,A,False,11.0,19.25,23.692307692307693,1.0,1.0,1.0,7,,,,,,,,,,,,,0,0.0,0.0,7,4.142857142857143,29.0,1.6047619047619046,2.5714285714285716
2026-07-13,2026-07-19,2382,ALBONDIGA  XL DE WAGYU,1,TAPAS CALIENTES,frequent,recent_observed,False,included_recent_demand_history,0,Historical expanding mean,22.23076923076923,22,28,0.008139049838098752,0.5893180463045747,A,False,16.0,20.25,22.23076923076923,1.0,1.0,1.0,7,,,,,,,,,,,,,0,0.0,0.0,7,4.142857142857143,29.0,1.6047619047619046,2.5714285714285716
2026-07-13,2026-07-19,2374,CROQUETA DE CECINA,14,SUGERENCIAS,sparse,stale_observed,True,included_observed_history_conservative,10,Historical expanding mean,22.2,22,29,0.00812778471721557,0.5974458310217903,A,False,,,22.2,0.1282051282051282,11.0,1.0,7,,,,,,,,,,,,,0,0.0,0.0,7,4.142857142857143,29.0,1.6047619047619046,2.5714285714285716
2026-07-13,2026-07-19,1747,TARTAR DE ATUN,3,CARTA,frequent,recent_observed,False,included_recent_demand_history,0,Historical expanding mean,21.487179487179485,21,30,0.007866809416755195,0.6053126404385455,A,False,22.0,23.75,21.487179487179485,1.0,1.0,1.0,7,,,,,,,,,,,,,0,0.0,0.0,7,4.142857142857143,29.0,1.6047619047619046,2.5714285714285716
2026-07-13,2026-07-19,1507,OTROS DESCRIPCIÓN,15,OTROS,frequent,recent_observed,False,included_recent_demand_history,0,Historical expanding mean,21.153846153846153,21,31,0.007744770607187394,0.6130574110457329,A,False,1.0,2.5,21.153846153846153,1.0,1.0,1.0,7,,,,,,,,,,,,,0,0.0,0.0,7,4.142857142857143,29.0,1.6047619047619046,2.5714285714285716
2026-07-13,2026-07-19,1939,ALCACHOFA  A LA BRASA,3,CARTA,frequent,recent_observed,False,included_recent_demand_history,0,Historical expanding mean,20.871794871794872,21,32,0.007641506999091562,0.6206989180448245,A,False,12.0,14.5,20.871794871794872,1.0,1.0,1.0,7,,,,,,,,,,,,,0,0.0,0.0,7,4.142857142857143,29.0,1.6047619047619046,2.5714285714285716
2026-07-13,2026-07-19,2060,PATATAS FRITAS GAJO,26,GUARNICIONES,frequent,recent_observed,False,included_recent_demand_history,0,Historical expanding mean,20.641025641025642,21,33,0.0075570185924677,0.6282559366372922,A,False,18.0,14.5,20.641025641025642,1.0,1.0,1.0,7,,,,,,,,,,,,,0,0.0,0.0,7,4.142857142857143,29.0,1.6047619047619046,2.5714285714285716
2026-07-13,2026-07-19,2232,MAHOU,5,CERVEZAS,sparse,stale_observed,True,included_observed_history_conservative,18,Historical expanding mean,19.666666666666668,20,34,0.007200289764500281,0.6354562264017924,A,False,,,19.666666666666668,0.15384615384615385,19.0,1.0,7,,,,,,,,,,,,,0,0.0,0.0,7,4.142857142857143,29.0,1.6047619047619046,2.5714285714285716
2026-07-13,2026-07-19,1991,LEGARIS VERDEJO,8,BLANCOS,frequent,recent_observed,False,included_recent_demand_history,0,Historical expanding mean,18.58974358974359,19,35,0.0068060105335889225,0.6422622369353813,A,False,21.0,19.25,18.58974358974359,1.0,1.0,1.0,7,,,,,,,,,,,,,0,0.0,0.0,7,4.142857142857143,29.0,1.6047619047619046,2.5714285714285716
2026-07-13,2026-07-19,1662,TORTILLA DE BETANZOS,14,SUGERENCIAS,frequent,recent_observed,False,included_recent_demand_history,0,Historical expanding mean,18.564102564102566,19,36,0.006796622932852938,0.6490588598682343,A,False,21.0,18.5,18.564102564102566,1.0,1.0,1.0,7,,,,,,,,,,,,,0,0.0,0.0,7,4.142857142857143,29.0,1.6047619047619046,2.5714285714285716
2026-07-13,2026-07-19,2298,PLUMA DE BELLOTA A LA BRASA,3,CARTA,frequent,recent_observed,False,included_recent_demand_history,0,Historical expanding mean,18.102564102564102,18,37,0.006627646119605212,0.6556865059878395,A,False,16.0,16.0,18.102564102564102,1.0,1.0,1.0,7,,,,,,,,,,,,,0,0.0,0.0,7,4.142857142857143,29.0,1.6047619047619046,2.5714285714285716
2026-07-13,2026-07-19,2239,BOMBONES DE WAGYU Y FOIE,14,SUGERENCIAS,frequent,recent_observed,False,included_recent_demand_history,0,Historical expanding mean,17.916666666666668,18,38,0.006559586014269324,0.6622460920021088,A,False,18.0,18.75,17.916666666666668,0.9230769230769231,1.0,1.0,7,,,,,,,,,,,,,0,0.0,0.0,7,4.142857142857143,29.0,1.6047619047619046,2.5714285714285716
2026-07-13,2026-07-19,2373,GYOZA DE CERDO,1,TAPAS CALIENTES,frequent,recent_observed,False,included_recent_demand_history,0,Historical expanding mean,17.897435897435898,18,39,0.006552545313717335,0.6687986373158261,A,False,18.0,10.0,17.897435897435898,1.0,1.0,1.0,7,,,,,,,,,,,,,0,0.0,0.0,7,4.142857142857143,29.0,1.6047619047619046,2.5714285714285716
2026-07-13,2026-07-19,1632,HAMBURGUESA DE VACA  ANGUS A LA BRASA,3,CARTA,frequent,recent_observed,False,included_recent_demand_history,0,Historical expanding mean,17.871794871794872,18,40,0.00654315771298135,0.6753417950288074,A,False,23.0,17.75,17.871794871794872,1.0,1.0,1.0,7,,,,,,,,,,,,,0,0.0,0.0,7,4.142857142857143,29.0,1.6047619047619046,2.5714285714285716
2026-07-13,2026-07-19,1505,TARTA DE QUESO,13,POSTRES,frequent,recent_observed,False,included_recent_demand_history,0,Historical expanding mean,17.71794871794872,18,41,0.006486832108565442,0.6818286271373729,A,False,12.0,12.25,17.71794871794872,1.0,1.0,1.0,7,,,,,,,,,,,,,0,0.0,0.0,7,4.142857142857143,29.0,1.6047619047619046,2.5714285714285716
2026-07-13,2026-07-19,2385,CROQUETON DE CECINA,14,SUGERENCIAS,frequent,recent_observed,False,included_recent_demand_history,0,Historical expanding mean,17.62857142857143,18,42,0.006454109614571438,0.6882827367519444,A,False,29.0,22.25,17.62857142857143,0.8974358974358975,1.0,1.0,7,,,,,,,,,,,,,0,0.0,0.0,7,4.142857142857143,29.0,1.6047619047619046,2.5714285714285716
2026-07-13,2026-07-19,3,NUESTRAS PATATAS BRAVAS,28,CLASICOS,frequent,recent_observed,False,included_recent_demand_history,0,Historical expanding mean,17.512820512820515,18,43,0.006411731302677565,0.694694468054622,A,False,16.0,15.25,17.512820512820515,1.0,1.0,1.0,7,,,,,,,,,,,,,0,0.0,0.0,7,4.142857142857143,29.0,1.6047619047619046,2.5714285714285716
2026-07-13,2026-07-19,1883,BLINIS DE SARDINA  AHUMADA,2,TAPAS FRIAS,frequent,recent_observed,False,included_recent_demand_history,0,Historical expanding mean,16.23076923076923,16,44,0.005942351265878327,0.7006368193205003,A,False,19.0,16.5,16.23076923076923,1.0,1.0,1.0,7,,,,,,,,,,,,,0,0.0,0.0,7,4.142857142857143,29.0,1.6047619047619046,2.5714285714285716
2026-07-13,2026-07-19,2352,VICTORIA MALAGA,5,CERVEZAS,frequent,recent_observed,False,included_recent_demand_history,2,Historical expanding mean,15.909090909090908,16,45,0.0058245795475541555,0.7064613988680544,A,False,,7.5,15.909090909090908,0.8461538461538461,3.0,1.0,7,,,,,,,,,,,,,0,0.0,0.0,7,4.142857142857143,29.0,1.6047619047619046,2.5714285714285716
2026-07-13,2026-07-19,2031,ROSSINI,1,TAPAS CALIENTES,frequent,recent_observed,False,included_recent_demand_history,0,Historical expanding mean,15.666666666666666,16,46,0.005735824049686664,0.712197222917741,A,False,14.0,11.5,15.666666666666666,1.0,1.0,1.0,7,,,,,,,,,,,,,0,0.0,0.0,7,4.142857142857143,29.0,1.6047619047619046,2.5714285714285716
2026-07-13,2026-07-19,35,COCA COLA,4,REFRESCOS,frequent,recent_observed,False,included_recent_demand_history,0,Historical expanding mean,14.794871794871796,15,47,0.0054166456246631835,0.7176138685424042,A,False,22.0,14.25,14.794871794871796,1.0,1.0,1.0,7,,,,,,,,,,,,,0,0.0,0.0,7,4.142857142857143,29.0,1.6047619047619046,2.5714285714285716
2026-07-13,2026-07-19,1692,"VICTORIA 0,0 RUBIA",5,CERVEZAS,frequent,recent_observed,False,included_recent_demand_history,0,Historical expanding mean,14.538461538461538,15,48,0.005322769617303337,0.7229366381597075,A,False,4.0,6.25,14.538461538461538,1.0,1.0,1.0,7,,,,,,,,,,,,,0,0.0,0.0,7,4.142857142857143,29.0,1.6047619047619046,2.5714285714285716
2026-07-13,2026-07-19,34011,CROQUETA DE CHIPIRONES EN SU TINTA,14,SUGERENCIAS,sparse,stale_observed,True,included_observed_history_conservative,27,Historical expanding mean,14.0,14,49,0.005125630001847657,0.7280622681615552,A,False,,,14.0,0.10256410256410256,28.0,1.0,7,,,,,,,,,,,,,0,0.0,0.0,7,4.142857142857143,29.0,1.6047619047619046,2.5714285714285716
2026-07-13,2026-07-19,2379,BRIOCHE DE ENSALADILLA,2,TAPAS FRIAS,frequent,recent_observed,False,included_recent_demand_history,0,Historical expanding mean,13.923076923076923,14,50,0.005097467199639703,0.7331597353611948,A,False,13.0,13.5,13.923076923076923,1.0,1.0,1.0,7,,,,,,,,,,,,,0,0.0,0.0,7,4.142857142857143,29.0,1.6047619047619046,2.5714285714285716
2026-07-13,2026-07-19,1633,CHULETON DE VACA VIEJA,3,CARTA,frequent,recent_observed,False,included_recent_demand_history,0,Historical expanding mean,13.820512820512821,14,51,0.005059916796695764,0.7382196521578906,A,False,15.0,11.0,13.820512820512821,1.0,1.0,1.0,7,,,,,,,,,,,,,0,0.0,0.0,7,4.142857142857143,29.0,1.6047619047619046,2.5714285714285716
2026-07-13,2026-07-19,2302,CHULETON MATIZADO,2,TAPAS FRIAS,frequent,recent_observed,False,included_recent_demand_history,0,Historical expanding mean,13.205128205128204,13,52,0.0048346143790321304,0.7430542665369227,A,False,8.0,10.75,13.205128205128204,1.0,1.0,1.0,7,,,,,,,,,,,,,0,0.0,0.0,7,4.142857142857143,29.0,1.6047619047619046,2.5714285714285716
2026-07-13,2026-07-19,1751,KELLER,5,CERVEZAS,sparse,recent_observed,False,included_recent_demand_history,0,Historical expanding mean,13.0,13,53,0.004759513573144253,0.747813780110067,A,False,28.0,15.75,13.0,0.1282051282051282,1.0,1.0,7,,,,,,,,,,,,,0,0.0,0.0,7,4.142857142857143,29.0,1.6047619047619046,2.5714285714285716
2026-07-13,2026-07-19,11,BOMBONES DE FOIE,2,TAPAS FRIAS,frequent,recent_observed,False,included_recent_demand_history,0,Historical expanding mean,12.666666666666666,13,54,0.004637474763576452,0.7524512548736435,A,False,13.0,10.0,12.666666666666666,1.0,1.0,1.0,7,,,,,,,,,,,,,0,0.0,0.0,7,4.142857142857143,29.0,1.6047619047619046,2.5714285714285716
2026-07-13,2026-07-19,2292,TOMATE DE LA TEMPORADA CON VENTRESCA,3,CARTA,frequent,recent_observed,False,included_recent_demand_history,0,Historical expanding mean,12.23076923076923,12,55,0.004477885551064711,0.7569291404247083,A,False,19.0,18.5,12.23076923076923,1.0,1.0,1.0,7,,,,,,,,,,,,,0,0.0,0.0,7,4.142857142857143,29.0,1.6047619047619046,2.5714285714285716
2026-07-13,2026-07-19,1726,COPA  DE VICTORIA DIEZ,5,CERVEZAS,frequent,recent_observed,False,included_recent_demand_history,0,Historical expanding mean,12.051282051282051,12,56,0.004412172345912818,0.7613413127706211,A,False,3.0,5.5,12.051282051282051,1.0,1.0,1.0,7,,,,,,,,,,,,,0,0.0,0.0,7,4.142857142857143,29.0,1.6047619047619046,2.5714285714285716
2026-07-13,2026-07-19,1989,LICOR PREMIUM,6,LICORES,frequent,recent_observed,False,included_recent_demand_history,0,Historical expanding mean,11.846153846153847,12,57,0.004337071540024941,0.765678384310646,A,False,19.0,13.5,11.846153846153847,1.0,1.0,1.0,7,,,,,,,,,,,,,0,0.0,0.0,7,4.142857142857143,29.0,1.6047619047619046,2.5714285714285716
2026-07-13,2026-07-19,30,CHIPIRONES A LA PLANCA,3,CARTA,frequent,recent_observed,False,included_recent_demand_history,0,Historical expanding mean,11.153846153846153,11,58,0.0040836063201533535,0.7697619906307994,A,False,8.0,9.0,11.153846153846153,1.0,1.0,1.0,7,,,,,,,,,,,,,0,0.0,0.0,7,4.142857142857143,29.0,1.6047619047619046,2.5714285714285716
2026-07-13,2026-07-19,1947,EXTRA  ALCACHOFA,22,EXTRAS,frequent,recent_observed,False,included_recent_demand_history,0,Historical expanding mean,11.102564102564102,11,59,0.004064831118681384,0.7738268217494808,A,False,6.0,4.75,11.102564102564102,1.0,1.0,1.0,7,,,,,,,,,,,,,0,0.0,0.0,7,4.142857142857143,29.0,1.6047619047619046,2.5714285714285716
2026-07-13,2026-07-19,2047,COPA  VICTORIA 0.0 TOSTADA,5,CERVEZAS,frequent,recent_observed,False,included_recent_demand_history,0,Historical expanding mean,10.974358974358974,11,60,0.00401789311500146,0.7778447148644823,A,False,14.0,16.25,10.974358974358974,1.0,1.0,1.0,7,,,,,,,,,,,,,0,0.0,0.0,7,4.142857142857143,29.0,1.6047619047619046,2.5714285714285716
2026-07-13,2026-07-19,2106,"ENSALADILLA ""LA ROCA""",3,CARTA,frequent,recent_observed,False,included_recent_demand_history,0,Historical expanding mean,10.974358974358974,11,61,0.00401789311500146,0.7818626079794837,A,False,26.0,21.75,10.974358974358974,1.0,1.0,1.0,7,,,,,,,,,,,,,0,0.0,0.0,7,4.142857142857143,29.0,1.6047619047619046,2.5714285714285716
2026-07-13,2026-07-19,2290,SALMOREJO CON HELADO,2,TAPAS FRIAS,frequent,recent_observed,False,included_recent_demand_history,0,Historical expanding mean,10.974358974358974,11,62,0.00401789311500146,0.7858805010944852,A,False,23.0,28.25,10.974358974358974,1.0,1.0,1.0,7,,,,,,,,,,,,,0,0.0,0.0,7,4.142857142857143,29.0,1.6047619047619046,2.5714285714285716
2026-07-13,2026-07-19,1930,TORREZNOS LA ROCA,14,SUGERENCIAS,frequent,recent_observed,False,included_recent_demand_history,0,Historical expanding mean,10.76923076923077,11,63,0.0039427923091135825,0.7898232934035987,A,False,7.0,8.25,10.76923076923077,1.0,1.0,1.0,7,,,,,,,,,,,,,0,0.0,0.0,7,4.142857142857143,29.0,1.6047619047619046,2.5714285714285716
2026-07-13,2026-07-19,2380,BIKINI DE CECINA,2,TAPAS FRIAS,frequent,recent_observed,False,included_recent_demand_history,0,Historical expanding mean,10.76923076923077,11,64,0.0039427923091135825,0.7937660857127122,A,False,7.0,8.5,10.76923076923077,1.0,1.0,1.0,7,,,,,,,,,,,,,0,0.0,0.0,7,4.142857142857143,29.0,1.6047619047619046,2.5714285714285716
2026-07-13,2026-07-19,2325,CAMIÑO DO REI,8,BLANCOS,frequent,recent_observed,False,included_recent_demand_history,0,Historical expanding mean,10.583333333333334,11,65,0.0038747322037776936,0.7976408179164899,A,False,9.0,14.0,10.583333333333334,0.9230769230769231,1.0,1.0,7,,,,,,,,,,,,,0,0.0,0.0,7,4.142857142857143,29.0,1.6047619047619046,2.5714285714285716
2026-07-13,2026-07-19,2141,ENSALADA TEMPLADA DE CALAMARES,3,CARTA,frequent,recent_observed,False,included_recent_demand_history,0,Historical expanding mean,10.384615384615385,10,66,0.003801978298073812,0.8014427962145637,A,False,11.0,10.5,10.384615384615385,1.0,1.0,1.0,7,,,,,,,,,,,,,0,0.0,0.0,7,4.142857142857143,29.0,1.6047619047619046,2.5714285714285716
2026-07-13,2026-07-19,2387,BROWNIE DE CHOCOLATE,13,POSTRES,frequent,moderately_recent_observed,False,included_recent_demand_history,7,Historical expanding mean,10.34375,10,67,0.003787016809400836,0.8052298130239646,B,False,,,10.34375,0.8205128205128205,8.0,1.0,7,,,,,,,,,,,,,0,0.0,0.0,7,4.142857142857143,29.0,1.6047619047619046,2.5714285714285716
2026-07-13,2026-07-19,1631,PULPO A LA BRASA,3,CARTA,frequent,recent_observed,False,included_recent_demand_history,0,Historical expanding mean,10.205128205128204,10,68,0.0037362650929219183,0.8089660781168865,B,False,8.0,9.5,10.205128205128204,1.0,1.0,1.0,7,,,,,,,,,,,,,0,0.0,0.0,7,4.142857142857143,29.0,1.6047619047619046,2.5714285714285716
2026-07-13,2026-07-19,2043,POLVITO URUGUAYO,13,POSTRES,frequent,recent_observed,False,included_recent_demand_history,0,Historical expanding mean,10.051282051282051,10,69,0.00367993948850601,0.8126460176053925,B,False,10.0,10.25,10.051282051282051,1.0,1.0,1.0,7,,,,,,,,,,,,,0,0.0,0.0,7,4.142857142857143,29.0,1.6047619047619046,2.5714285714285716
2026-07-13,2026-07-19,1652,CHIPIRONES FRITOS CON HUEVO,14,SUGERENCIAS,frequent,recent_observed,False,included_recent_demand_history,0,Historical expanding mean,9.948717948717949,10,70,0.0036423890855620715,0.8162884066909545,B,False,5.0,9.75,9.948717948717949,1.0,1.0,1.0,7,,,,,,,,,,,,,0,0.0,0.0,7,4.142857142857143,29.0,1.6047619047619046,2.5714285714285716
2026-07-13,2026-07-19,2347,CHULETILLAS DE CORDERO LECHAL,3,CARTA,frequent,recent_observed,False,included_recent_demand_history,0,Historical expanding mean,9.512820512820513,10,71,0.003482799873050331,0.8197712065640048,B,False,2.0,6.75,9.512820512820513,1.0,1.0,1.0,7,,,,,,,,,,,,,0,0.0,0.0,7,4.142857142857143,29.0,1.6047619047619046,2.5714285714285716
2026-07-13,2026-07-19,1723,COPA DE HELADO,13,POSTRES,frequent,recent_observed,False,included_recent_demand_history,0,Historical expanding mean,9.461538461538462,9,72,0.003464024671578362,0.8232352312355832,B,False,3.0,11.75,9.461538461538462,1.0,1.0,1.0,7,,,,,,,,,,,,,0,0.0,0.0,7,4.142857142857143,29.0,1.6047619047619046,2.5714285714285716
2026-07-13,2026-07-19,82,LA ESCUCHA BIERZO,9,TINTOS,frequent,recent_observed,False,included_recent_demand_history,0,Historical expanding mean,9.36111111111111,9,73,0.0034272565686957546,0.826662487804279,B,False,14.0,9.25,9.36111111111111,0.9230769230769231,1.0,1.0,7,,,,,,,,,,,,,0,0.0,0.0,7,4.142857142857143,29.0,1.6047619047619046,2.5714285714285716
2026-07-13,2026-07-19,39,AQUARIUS,4,REFRESCOS,frequent,recent_observed,False,included_recent_demand_history,0,Historical expanding mean,8.5,8,74,0.0031119896439789347,0.8297744774482579,B,False,11.0,7.25,8.5,0.9743589743589743,1.0,1.0,7,,,,,,,,,,,,,0,0.0,0.0,7,4.142857142857143,29.0,1.6047619047619046,2.5714285714285716
2026-07-13,2026-07-19,34017,"LINGOTE ""LA ROCA""",13,POSTRES,sparse,recent_observed,False,included_recent_demand_history,0,Historical expanding mean,8.428571428571429,8,75,0.0030858384705001202,0.8328603159187581,B,False,10.0,7.333333333333333,8.428571428571429,0.1794871794871795,1.0,1.0,7,,,,,,,,,,,,,0,0.0,0.0,7,4.142857142857143,29.0,1.6047619047619046,2.5714285714285716
2026-07-13,2026-07-19,2061,PIMIENTO ASADO A LA BRASA,26,GUARNICIONES,frequent,recent_observed,False,included_recent_demand_history,0,Historical expanding mean,8.307692307692308,8,76,0.0030415826384590497,0.8359018985572171,B,False,8.0,5.75,8.307692307692308,1.0,1.0,1.0,7,,,,,,,,,,,,,0,0.0,0.0,7,4.142857142857143,29.0,1.6047619047619046,2.5714285714285716
2026-07-13,2026-07-19,2193,MEJILLONES A LA BRASA,3,CARTA,frequent,recent_observed,False,included_recent_demand_history,0,Historical expanding mean,8.307692307692308,8,77,0.0030415826384590497,0.8389434811956761,B,False,11.0,8.25,8.307692307692308,1.0,1.0,1.0,7,,,,,,,,,,,,,0,0.0,0.0,7,4.142857142857143,29.0,1.6047619047619046,2.5714285714285716
2026-07-13,2026-07-19,2312,CROMOTERAPIA,13,POSTRES,frequent,recent_observed,False,included_recent_demand_history,0,Historical expanding mean,7.297297297297297,7,78,0.0026716604256734893,0.8416151416213495,B,False,6.0,7.75,7.297297297297297,0.9487179487179487,1.0,1.0,7,,,,,,,,,,,,,0,0.0,0.0,7,4.142857142857143,29.0,1.6047619047619046,2.5714285714285716
2026-07-13,2026-07-19,38,NESTEA,4,REFRESCOS,frequent,recent_observed,False,included_recent_demand_history,0,Historical expanding mean,7.205128205128205,7,79,0.0026379158068117066,0.8442530574281613,B,False,6.0,6.5,7.205128205128205,1.0,1.0,1.0,7,,,,,,,,,,,,,0,0.0,0.0,7,4.142857142857143,29.0,1.6047619047619046,2.5714285714285716
2026-07-13,2026-07-19,1923,SORBETE,13,POSTRES,regular,recent_observed,False,included_recent_demand_history,0,Historical expanding mean,7.1923076923076925,7,80,0.0026332220064437142,0.8468862794346049,B,False,11.0,11.0,7.1923076923076925,0.6666666666666666,1.0,1.0,7,,,,,,,,,,,,,0,0.0,0.0,7,4.142857142857143,29.0,1.6047619047619046,2.5714285714285716
2026-07-13,2026-07-19,1935,VERMOUTH,6,LICORES,frequent,recent_observed,False,included_recent_demand_history,0,Historical expanding mean,6.897435897435898,7,81,0.0025252645979798897,0.8494115440325848,B,False,7.0,4.5,6.897435897435898,1.0,1.0,1.0,7,,,,,,,,,,,,,0,0.0,0.0,7,4.142857142857143,29.0,1.6047619047619046,2.5714285714285716
2026-07-13,2026-07-19,2143,"FIDEUA ""AL HORNO"" DE BOTILLO",3,CARTA,frequent,recent_observed,False,included_recent_demand_history,0,Historical expanding mean,6.7894736842105265,7,82,0.0024857378580389017,0.8518972818906236,B,False,3.0,6.0,6.7894736842105265,0.9743589743589743,1.0,1.0,7,,,,,,,,,,,,,0,0.0,0.0,7,4.142857142857143,29.0,1.6047619047619046,2.5714285714285716
2026-07-13,2026-07-19,2023,RAIMAT ALBARIÑO,8,BLANCOS,sparse,stale_observed,True,included_observed_history_conservative,35,Historical expanding mean,6.75,7,83,0.0024712858937479777,0.8543685677843716,B,False,,,6.75,0.10256410256410256,36.0,1.0,7,,,,,,,,,,,,,0,0.0,0.0,7,4.142857142857143,29.0,1.6047619047619046,2.5714285714285716
2026-07-13,2026-07-19,2350,RODABALLO DE ANZUELO,3,CARTA,regular,stale_observed,True,included_observed_history_conservative,14,Historical expanding mean,6.72,7,84,0.0024603024008868755,0.8568288701852586,B,False,,,6.72,0.6410256410256411,15.0,1.0,7,,,,,,,,,,,,,0,0.0,0.0,7,4.142857142857143,29.0,1.6047619047619046,2.5714285714285716
2026-07-13,2026-07-19,2351,TEMPURA DE LANGOSTINOS Y VERDURAS,3,CARTA,regular,stale_observed,True,included_observed_history_conservative,13,Historical expanding mean,6.6923076923076925,7,85,0.002450163792092012,0.8592790339773506,B,False,,,6.6923076923076925,0.6666666666666666,14.0,1.0,7,,,,,,,,,,,,,0,0.0,0.0,7,4.142857142857143,29.0,1.6047619047619046,2.5714285714285716
2026-07-13,2026-07-19,1941,"CALLOS A LA MADRILEÑA ESTILO ""LA ROCA""",3,CARTA,frequent,recent_observed,False,included_recent_demand_history,0,Historical expanding mean,6.631578947368421,7,86,0.002427930000875206,0.8617069639782258,B,False,4.0,3.3333333333333335,6.631578947368421,0.9743589743589743,1.0,1.0,7,,,,,,,,,,,,,0,0.0,0.0,7,4.142857142857143,29.0,1.6047619047619046,2.5714285714285716
2026-07-13,2026-07-19,1964,COSTILLA DE VACA  ANGUS,3,CARTA,frequent,recent_observed,False,included_recent_demand_history,0,Historical expanding mean,6.410256410256411,6,87,0.00234690018399618,0.864053864162222,B,False,4.0,3.0,6.410256410256411,1.0,1.0,1.0,7,,,,,,,,,,,,,0,0.0,0.0,7,4.142857142857143,29.0,1.6047619047619046,2.5714285714285716
2026-07-13,2026-07-19,1971,EXTRA BLINIS,22,EXTRAS,frequent,recent_observed,False,included_recent_demand_history,0,Historical expanding mean,6.25,6,88,0.0022882276793962757,0.8663420918416183,B,False,20.0,7.75,6.25,0.9230769230769231,1.0,1.0,7,,,,,,,,,,,,,0,0.0,0.0,7,4.142857142857143,29.0,1.6047619047619046,2.5714285714285716
2026-07-13,2026-07-19,34010,RABAS DE ANCHOA,3,CARTA,intermittent,recent_observed,False,included_recent_demand_history,0,HistGradientBoosting Poisson,6.210243654412575,6,89,0.0022736722281315094,0.8686157640697497,B,False,7.0,5.0,10.0,0.4358974358974359,1.0,1.0,7,,,,,,,,,,,,,0,0.0,0.0,7,4.142857142857143,29.0,1.6047619047619046,2.5714285714285716
2026-07-13,2026-07-19,2218,TUETANO A LA BRASA,3,CARTA,intermittent,recent_observed,False,included_recent_demand_history,0,HistGradientBoosting Poisson,6.020609593922125,6,90,0.0022042440831442204,0.870820008152894,B,False,9.0,8.0,9.214285714285714,0.358974358974359,1.0,1.0,7,,,,,,,,,,,,,0,0.0,0.0,7,4.142857142857143,29.0,1.6047619047619046,2.5714285714285716
2026-07-13,2026-07-19,1944,EXTRA BOMBON DE FOIE,22,EXTRAS,frequent,recent_observed,False,included_recent_demand_history,0,Historical expanding mean,5.694444444444445,6,91,0.0020848296634499402,0.8729048378163439,B,False,9.0,8.25,5.694444444444445,0.9230769230769231,1.0,1.0,7,,,,,,,,,,,,,0,0.0,0.0,7,4.142857142857143,29.0,1.6047619047619046,2.5714285714285716
2026-07-13,2026-07-19,2046,"CERVEZA  VICTORIA  0,0 TOSTADA",5,CERVEZAS,frequent,recent_observed,False,included_recent_demand_history,0,Historical expanding mean,5.583333333333333,6,92,0.0020441500602606725,0.8749489878766046,B,False,1.0,8.0,5.583333333333333,0.9230769230769231,1.0,1.0,7,,,,,,,,,,,,,0,0.0,0.0,7,4.142857142857143,29.0,1.6047619047619046,2.5714285714285716
2026-07-13,2026-07-19,2177,T-BONE,14,SUGERENCIAS,frequent,recent_observed,False,included_recent_demand_history,0,Historical expanding mean,5.461538461538462,5,93,0.0019995589567647454,0.8769485468333693,B,False,6.0,2.75,5.461538461538462,1.0,1.0,1.0,7,,,,,,,,,,,,,0,0.0,0.0,7,4.142857142857143,29.0,1.6047619047619046,2.5714285714285716
2026-07-13,2026-07-19,2349,BURRATA,3,CARTA,regular,stale_observed,True,included_observed_history_conservative,14,Historical expanding mean,5.4,5,94,0.001977028714998382,0.8789255755483677,B,False,,,5.4,0.6410256410256411,15.0,1.0,7,,,,,,,,,,,,,0,0.0,0.0,7,4.142857142857143,29.0,1.6047619047619046,2.5714285714285716
2026-07-13,2026-07-19,2226,COCA COLA 00,4,REFRESCOS,frequent,recent_observed,False,included_recent_demand_history,0,Historical expanding mean,5.342105263157895,5,95,0.001955832500705027,0.8808814080490728,B,False,7.0,6.75,5.342105263157895,0.9743589743589743,1.0,1.0,7,,,,,,,,,,,,,0,0.0,0.0,7,4.142857142857143,29.0,1.6047619047619046,2.5714285714285716
2026-07-13,2026-07-19,2297,LOMO DE LUBINA  A LA BRASA,3,CARTA,intermittent,recent_observed,False,included_recent_demand_history,0,HistGradientBoosting Poisson,5.338800173859199,5,96,0.0019546224532144426,0.8828360305022872,B,False,9.0,8.25,8.0,0.358974358974359,1.0,1.0,7,,,,,,,,,,,,,0,0.0,0.0,7,4.142857142857143,29.0,1.6047619047619046,2.5714285714285716
2026-07-13,2026-07-19,2192,BERBERECHOS A LA BRASA,14,SUGERENCIAS,sparse,stale_observed,True,included_observed_history_conservative,27,Historical expanding mean,5.25,5,97,0.0019221112506928714,0.8847581417529801,B,False,,,5.25,0.20512820512820512,28.0,1.0,7,,,,,,,,,,,,,0,0.0,0.0,7,4.142857142857143,29.0,1.6047619047619046,2.5714285714285716
2026-07-13,2026-07-19,2376,CARRILLERA  DE CERDO  AL VINO TINTO,3,CARTA,regular,recent_observed,False,included_recent_demand_history,0,Historical expanding mean,5.25,5,98,0.0019221112506928714,0.8866802530036729,B,False,4.0,4.0,5.25,0.717948717948718,1.0,1.0,7,,,,,,,,,,,,,0,0.0,0.0,7,4.142857142857143,29.0,1.6047619047619046,2.5714285714285716
2026-07-13,2026-07-19,1754,DAURA SIN GLUTEN,5,CERVEZAS,frequent,recent_observed,False,included_recent_demand_history,0,Historical expanding mean,4.973684210526316,5,99,0.0018209475006564046,0.8885012005043293,B,False,4.0,4.25,4.973684210526316,0.9743589743589743,1.0,1.0,7,,,,,,,,,,,,,0,0.0,0.0,7,4.142857142857143,29.0,1.6047619047619046,2.5714285714285716
2026-07-13,2026-07-19,2364,A TRABA GODELLO,8,BLANCOS,cold_start,recent_observed,False,included_recent_demand_history,3,HistGradientBoosting Poisson,4.941134353168221,5,100,0.0018090304631256536,0.890310230967455,B,False,,12.0,6.5,0.05128205128205128,4.0,1.0,7,,,,,,,,,,,,,0,0.0,0.0,7,4.142857142857143,29.0,1.6047619047619046,2.5714285714285716
2026-07-13,2026-07-19,1739,CREMOSO DE CHOCOLATE,13,POSTRES,frequent,recent_observed,False,included_recent_demand_history,0,Historical expanding mean,4.918918918918919,5,101,0.001800897027676204,0.8921111279951311,B,False,3.0,5.0,4.918918918918919,0.9487179487179487,1.0,1.0,7,,,,,,,,,,,,,0,0.0,0.0,7,4.142857142857143,29.0,1.6047619047619046,2.5714285714285716
2026-07-13,2026-07-19,2294,"ARROZ MELOSO ""NEGRO""",29,APARTADO,regular,recent_observed,False,included_recent_demand_history,3,Historical expanding mean,4.538461538461538,5,102,0.0016616053302692954,0.8937727333254004,B,False,,1.0,4.538461538461538,0.6666666666666666,4.0,1.0,7,,,,,,,,,,,,,0,0.0,0.0,7,4.142857142857143,29.0,1.6047619047619046,2.5714285714285716
2026-07-13,2026-07-19,2348,FOCACCIA DE PANCETA CHASU Y PROVOLONE,3,CARTA,frequent,recent_observed,False,included_recent_demand_history,0,Historical expanding mean,4.538461538461538,5,103,0.0016616053302692954,0.8954343386556697,B,False,3.0,4.25,4.538461538461538,1.0,1.0,1.0,7,,,,,,,,,,,,,0,0.0,0.0,7,4.142857142857143,29.0,1.6047619047619046,2.5714285714285716
2026-07-13,2026-07-19,2231,PROVOLETA  A  LA  BRASA,14,SUGERENCIAS,frequent,recent_observed,False,included_recent_demand_history,2,Historical expanding mean,4.233333333333333,4,104,0.0015498928815110774,0.8969842315371808,B,False,,1.0,4.233333333333333,0.7692307692307693,3.0,1.0,7,,,,,,,,,,,,,0,0.0,0.0,7,4.142857142857143,29.0,1.6047619047619046,2.5714285714285716
2026-07-13,2026-07-19,34016,CALAMARES DE ANZUELO,3,CARTA,intermittent,recent_observed,False,included_recent_demand_history,0,HistGradientBoosting Poisson,4.0627392363986825,4,105,0.0014874355799834806,0.8984716671171642,B,False,6.0,5.0,6.3076923076923075,0.3333333333333333,1.0,1.0,7,,,,,,,,,,,,,0,0.0,0.0,7,4.142857142857143,29.0,1.6047619047619046,2.5714285714285716
2026-07-13,2026-07-19,1740,CERVEZA VICTORIA DIEZ,5,CERVEZAS,frequent,recent_observed,False,included_recent_demand_history,0,Historical expanding mean,4.054054054054054,4,106,0.0014842557920408275,0.899955922909205,B,False,4.0,3.25,4.054054054054054,0.9487179487179487,1.0,1.0,7,,,,,,,,,,,,,0,0.0,0.0,7,4.142857142857143,29.0,1.6047619047619046,2.5714285714285716
2026-07-13,2026-07-19,2281,NAVAJAS A LA BRASA,14,SUGERENCIAS,sparse,stale_observed,True,included_observed_history_conservative,26,Historical expanding mean,4.0,4,107,0.0014644657148136164,0.9014203886240186,B,False,,,4.0,0.23076923076923078,27.0,1.0,7,,,,,,,,,,,,,0,0.0,0.0,7,4.142857142857143,29.0,1.6047619047619046,2.5714285714285716
2026-07-13,2026-07-19,2222,MINI HAMBURGUESAS,14,SUGERENCIAS,intermittent,recent_observed,False,included_recent_demand_history,1,HistGradientBoosting Poisson,3.9747116413786485,4,108,0.001455207231267396,0.902875595855286,B,False,,3.0,4.764705882352941,0.4358974358974359,2.0,1.0,7,,,,,,,,,,,,,0,0.0,0.0,7,4.142857142857143,29.0,1.6047619047619046,2.5714285714285716
2026-07-13,2026-07-19,2377,GAMBA ROJA  A LA PLANCHA,14,SUGERENCIAS,intermittent,stale_observed,True,included_observed_history_conservative,13,HistGradientBoosting Poisson,3.9021004879517878,4,109,0.0014286230950907191,0.9043042189503767,B,False,,,28.416666666666668,0.3076923076923077,14.0,1.0,7,,,,,,,,,,,,,0,0.0,0.0,7,4.142857142857143,29.0,1.6047619047619046,2.5714285714285716
2026-07-13,2026-07-19,2211,JARRA VICTORIA,5,CERVEZAS,sparse,recent_observed,False,included_recent_demand_history,0,Historical expanding mean,3.625,4,110,0.0013271720540498399,0.9056313910044266,B,False,3.0,2.0,3.625,0.20512820512820512,1.0,1.0,7,,,,,,,,,,,,,0,0.0,0.0,7,4.142857142857143,29.0,1.6047619047619046,2.5714285714285716
2026-07-13,2026-07-19,2160,CECINA BLACK ANGUS,3,CARTA,frequent,recent_observed,False,included_recent_demand_history,0,Historical expanding mean,3.4722222222222223,3,111,0.0012712375996645976,0.9069026286040912,B,False,4.0,2.75,3.4722222222222223,0.9230769230769231,1.0,1.0,7,,,,,,,,,,,,,0,0.0,0.0,7,4.142857142857143,29.0,1.6047619047619046,2.5714285714285716
2026-07-13,2026-07-19,1573,SEAGRAMS,6,LICORES,regular,recent_observed,False,included_recent_demand_history,0,Historical expanding mean,3.391304347826087,3,112,0.001241612236472414,0.9081442408405637,B,False,13.0,8.0,3.391304347826087,0.5897435897435898,1.0,1.0,7,,,,,,,,,,,,,0,0.0,0.0,7,4.142857142857143,29.0,1.6047619047619046,2.5714285714285716
2026-07-13,2026-07-19,1934,BAINES,6,LICORES,regular,recent_observed,False,included_recent_demand_history,1,Historical expanding mean,3.380952380952381,3,113,0.0012378222113305568,0.9093820630518942,B,False,,4.0,3.380952380952381,0.5384615384615384,2.0,1.0,7,,,,,,,,,,,,,0,0.0,0.0,7,4.142857142857143,29.0,1.6047619047619046,2.5714285714285716
2026-07-13,2026-07-19,2245,PATATAS A LA PROVENZAL,26,GUARNICIONES,frequent,recent_observed,False,included_recent_demand_history,0,Historical expanding mean,3.257142857142857,3,114,0.0011924935106339448,0.9105745565625282,B,False,6.0,3.0,3.257142857142857,0.8974358974358975,1.0,1.0,7,,,,,,,,,,,,,0,0.0,0.0,7,4.142857142857143,29.0,1.6047619047619046,2.5714285714285716
2026-07-13,2026-07-19,1537,ZUMO DE TOMATE PREPARADO,4,REFRESCOS,frequent,recent_observed,False,included_recent_demand_history,0,Historical expanding mean,3.108108108108108,3,115,0.0011379294405646342,0.9117124860030928,B,False,2.0,3.75,3.108108108108108,0.9487179487179487,1.0,1.0,7,,,,,,,,,,,,,0,0.0,0.0,7,4.142857142857143,29.0,1.6047619047619046,2.5714285714285716
2026-07-13,2026-07-19,47,REFRESCO NARANJA,4,REFRESCOS,frequent,recent_observed,False,included_recent_demand_history,0,Historical expanding mean,2.8484848484848486,3,116,0.00104287709994303,0.9127553631030358,B,False,5.0,3.5,2.8484848484848486,0.8461538461538461,1.0,1.0,7,,,,,,,,,,,,,0,0.0,0.0,7,4.142857142857143,29.0,1.6047619047619046,2.5714285714285716
2026-07-13,2026-07-19,43,MOSTO,4,REFRESCOS,frequent,recent_observed,False,included_recent_demand_history,1,Historical expanding mean,2.838709677419355,3,117,0.0010392982492225665,0.9137946613522584,B,False,,4.666666666666667,2.838709677419355,0.7948717948717948,2.0,1.0,7,,,,,,,,,,,,,0,0.0,0.0,7,4.142857142857143,29.0,1.6047619047619046,2.5714285714285716
2026-07-13,2026-07-19,1706,LICORES VARIOS,6,LICORES,intermittent,recent_observed,False,included_recent_demand_history,0,HistGradientBoosting Poisson,2.7918884986773054,3,118,0.0010221562464738435,0.9148168175987322,B,False,1.0,1.0,3.176470588235294,0.4358974358974359,1.0,1.0,7,,,,,,,,,,,,,0,0.0,0.0,7,4.142857142857143,29.0,1.6047619047619046,2.5714285714285716
2026-07-13,2026-07-19,2100,MANZANILLA,6,LICORES,sparse,moderately_recent_observed,False,included_recent_demand_history,4,Historical expanding mean,2.7777777777777777,3,119,0.001016990079731678,0.9158338076784639,B,False,,,2.7777777777777777,0.23076923076923078,5.0,1.0,7,,,,,,,,,,,,,0,0.0,0.0,7,4.142857142857143,29.0,1.6047619047619046,2.5714285714285716
2026-07-13,2026-07-19,34015,TACO DE COCHINILLO TOSTADO,3,CARTA,intermittent,recent_observed,False,included_recent_demand_history,0,HistGradientBoosting Poisson,2.741977628252514,3,120,0.0010038830568404405,0.9168376907353043,B,False,3.0,2.75,3.357142857142857,0.358974358974359,1.0,1.0,7,,,,,,,,,,,,,0,0.0,0.0,7,4.142857142857143,29.0,1.6047619047619046,2.5714285714285716
2026-07-13,2026-07-19,2332,HABLA DEL SILENCIO,9,TINTOS,frequent,recent_observed,False,included_recent_demand_history,0,Historical expanding mean,2.71875,3,121,0.0009953790405373799,0.9178330697758417,B,False,2.0,1.6666666666666667,2.71875,0.8205128205128205,1.0,1.0,7,,,,,,,,,,,,,0,0.0,0.0,7,4.142857142857143,29.0,1.6047619047619046,2.5714285714285716
2026-07-13,2026-07-19,2213,JARRA VICTORIA DIEZ,5,CERVEZAS,cold_start,recent_observed,False,included_recent_demand_history,2,HistGradientBoosting Poisson,2.7018846606177087,3,122,0.0009892043627138644,0.9188222741385556,B,False,,2.0,2.0,0.02564102564102564,3.0,1.0,7,,,,,,,,,,,,,0,0.0,0.0,7,4.142857142857143,29.0,1.6047619047619046,2.5714285714285716
2026-07-13,2026-07-19,2164,ANNA CODORNIU,10,ESPUMOSOS,frequent,recent_observed,False,included_recent_demand_history,1,Historical expanding mean,2.6774193548387095,3,123,0.0009802472123349205,0.9198025213508905,B,False,,1.3333333333333333,2.6774193548387095,0.7948717948717948,2.0,1.0,7,,,,,,,,,,,,,0,0.0,0.0,7,4.142857142857143,29.0,1.6047619047619046,2.5714285714285716
2026-07-13,2026-07-19,2293,PIMIENTOS DE CARNE,14,SUGERENCIAS,regular,recent_observed,False,included_recent_demand_history,3,Historical expanding mean,2.6666666666666665,3,124,0.0009763104765424109,0.9207788318274329,B,False,,3.0,2.6666666666666665,0.6923076923076923,4.0,1.0,7,,,,,,,,,,,,,0,0.0,0.0,7,4.142857142857143,29.0,1.6047619047619046,2.5714285714285716
2026-07-13,2026-07-19,1701,BEEFEATER,6,LICORES,regular,recent_observed,False,included_recent_demand_history,0,Historical expanding mean,2.6363636363636362,3,125,0.0009652160393089743,0.9217440478667419,B,False,4.0,3.6666666666666665,2.6363636363636362,0.5641025641025641,1.0,1.0,7,,,,,,,,,,,,,0,0.0,0.0,7,4.142857142857143,29.0,1.6047619047619046,2.5714285714285716
2026-07-13,2026-07-19,2246,MEJILLONES A LA BRASA CON SALSA THAI,14,SUGERENCIAS,sparse,recent_observed,False,included_recent_demand_history,2,Historical expanding mean,2.5714285714285716,3,126,0.0009414422452373248,0.9226854901119792,B,False,,1.0,2.5714285714285716,0.1794871794871795,3.0,1.0,7,,,,,,,,,,,,,0,0.0,0.0,7,4.142857142857143,29.0,1.6047619047619046,2.5714285714285716
2026-07-13,2026-07-19,40,SPRITE,4,REFRESCOS,regular,recent_observed,False,included_recent_demand_history,0,Historical expanding mean,2.5517241379310347,3,127,0.0009342281284155829,0.9236197182403948,B,False,1.0,3.0,2.5517241379310347,0.7435897435897436,1.0,1.0,7,,,,,,,,,,,,,0,0.0,0.0,7,4.142857142857143,29.0,1.6047619047619046,2.5714285714285716
2026-07-13,2026-07-19,2301,"ENSALADA DE LECHUGA , CEBOLLA Y TOMATE",26,GUARNICIONES,frequent,recent_observed,False,included_recent_demand_history,0,Historical expanding mean,2.5454545454545454,3,128,0.000931932727608665,0.9245516509680035,B,False,5.0,2.5,2.5454545454545454,0.8461538461538461,1.0,1.0,7,,,,,,,,,,,,,0,0.0,0.0,7,4.142857142857143,29.0,1.6047619047619046,2.5714285714285716
2026-07-13,2026-07-19,1698,BARCELO,6,LICORES,intermittent,recent_observed,False,included_recent_demand_history,0,HistGradientBoosting Poisson,2.5253909298864023,3,129,0.0009245871083299784,0.9254762380763335,B,False,3.0,2.0,2.75,0.3076923076923077,1.0,1.0,7,,,,,,,,,,,,,0,0.0,0.0,7,4.142857142857143,29.0,1.6047619047619046,2.5714285714285716
2026-07-13,2026-07-19,2343,EXTRA CHULETON MATIZADO,22,EXTRAS,regular,recent_observed,False,included_recent_demand_history,1,Historical expanding mean,2.4782608695652173,2,130,0.00090733201896061,0.9263835700952942,B,False,,1.5,2.4782608695652173,0.5897435897435898,2.0,1.0,7,,,,,,,,,,,,,0,0.0,0.0,7,4.142857142857143,29.0,1.6047619047619046,2.5714285714285716
2026-07-13,2026-07-19,2154,PAN SIN GLUTEN,15,OTROS,frequent,recent_observed,False,included_recent_demand_history,0,Historical expanding mean,2.411764705882353,2,131,0.0008829866809905628,0.9272665567762847,B,False,2.0,2.0,2.411764705882353,0.8717948717948718,1.0,1.0,7,,,,,,,,,,,,,0,0.0,0.0,7,4.142857142857143,29.0,1.6047619047619046,2.5714285714285716
2026-07-13,2026-07-19,57,MARTINI BLANCO,6,LICORES,cold_start,recent_observed,False,included_recent_demand_history,1,HistGradientBoosting Poisson,2.390618727577736,2,132,0.0008752447909322369,0.9281418015672169,B,False,,2.0,2.0,0.02564102564102564,2.0,1.0,7,,,,,,,,,,,,,0,0.0,0.0,7,4.142857142857143,29.0,1.6047619047619046,2.5714285714285716
2026-07-13,2026-07-19,2306,PAN BAO DE COCHINITA PIBIL,1,TAPAS CALIENTES,intermittent,moderately_recent_observed,False,included_recent_demand_history,4,HistGradientBoosting Poisson,2.351557385187861,2,133,0.0008609437917560948,0.929002745358973,B,False,,,2.9,0.2564102564102564,5.0,1.0,7,,,,,,,,,,,,,0,0.0,0.0,7,4.142857142857143,29.0,1.6047619047619046,2.5714285714285716
2026-07-13,2026-07-19,46,REFRESCO LIMON,4,REFRESCOS,regular,recent_observed,False,included_recent_demand_history,0,Historical expanding mean,2.3448275862068964,2,134,0.0008584799017872923,0.9298612252607603,B,False,1.0,3.5,2.3448275862068964,0.7435897435897436,1.0,1.0,7,,,,,,,,,,,,,0,0.0,0.0,7,4.142857142857143,29.0,1.6047619047619046,2.5714285714285716
2026-07-13,2026-07-19,2182,MOET&CHANDON BRUT IMPERIAL,10,ESPUMOSOS,cold_start,recent_observed,False,included_recent_demand_history,1,HistGradientBoosting Poisson,2.324007609773707,2,135,0.000850857366369884,0.9307120826271302,B,False,,1.0,2.0,0.07692307692307693,2.0,1.0,7,,,,,,,,,,,,,0,0.0,0.0,7,4.142857142857143,29.0,1.6047619047619046,2.5714285714285716
2026-07-13,2026-07-19,2227,COCA COLA LIGHT,4,REFRESCOS,regular,recent_observed,False,included_recent_demand_history,0,Historical expanding mean,2.310344827586207,2,136,0.0008458551973492439,0.9315579378244795,B,False,5.0,2.6666666666666665,2.310344827586207,0.7435897435897436,1.0,1.0,7,,,,,,,,,,,,,0,0.0,0.0,7,4.142857142857143,29.0,1.6047619047619046,2.5714285714285716
2026-07-13,2026-07-19,2263,MARTIN CODAX,8,BLANCOS,cold_start,recent_observed,False,included_recent_demand_history,2,HistGradientBoosting Poisson,2.27213824297576,2,137,0.0008318671390387126,0.9323898049635182,B,False,,1.0,1.5,0.05128205128205128,3.0,1.0,7,,,,,,,,,,,,,0,0.0,0.0,7,4.142857142857143,29.0,1.6047619047619046,2.5714285714285716
2026-07-13,2026-07-19,2392,ENTRECUESTAS,8,BLANCOS,frequent,recent_observed,False,included_recent_demand_history,0,Historical expanding mean,2.2580645161290325,2,138,0.0008267145164270415,0.9332165194799452,B,False,2.0,2.75,2.2580645161290325,0.7948717948717948,1.0,1.0,7,,,,,,,,,,,,,0,0.0,0.0,7,4.142857142857143,29.0,1.6047619047619046,2.5714285714285716
2026-07-13,2026-07-19,34014,LUBINA  AL HORNO,14,SUGERENCIAS,cold_start,stale_observed,True,included_observed_history_conservative,27,HistGradientBoosting Poisson,2.241864899644667,2,139,0.0008207835706934209,0.9340373030506386,B,False,,,1.0,0.02564102564102564,28.0,1.0,7,,,,,,,,,,,,,0,0.0,0.0,7,4.142857142857143,29.0,1.6047619047619046,2.5714285714285716
2026-07-13,2026-07-19,2289,APEROL SPRITZ,6,LICORES,intermittent,recent_observed,False,included_recent_demand_history,0,HistGradientBoosting Poisson,2.2351562761062964,2,140,0.000818327433402037,0.9348556304840406,B,False,1.0,1.0,2.0,0.3076923076923077,1.0,1.0,7,,,,,,,,,,,,,0,0.0,0.0,7,4.142857142857143,29.0,1.6047619047619046,2.5714285714285716
2026-07-13,2026-07-19,1986,MACALLAN 12,6,LICORES,sparse,moderately_recent_observed,False,included_recent_demand_history,4,Historical expanding mean,2.2222222222222223,2,141,0.0008135920637853425,0.935669222547826,B,False,,,2.2222222222222223,0.23076923076923078,5.0,1.0,7,,,,,,,,,,,,,0,0.0,0.0,7,4.142857142857143,29.0,1.6047619047619046,2.5714285714285716
2026-07-13,2026-07-19,2318,JUAN GIL PLATA,9,TINTOS,regular,recent_observed,False,included_recent_demand_history,1,Historical expanding mean,2.1739130434782608,2,142,0.0007959052797900088,0.936465127827616,B,False,,1.0,2.1739130434782608,0.5897435897435898,2.0,1.0,7,,,,,,,,,,,,,0,0.0,0.0,7,4.142857142857143,29.0,1.6047619047619046,2.5714285714285716
2026-07-13,2026-07-19,2203,CAFE DOBLE,13,POSTRES,frequent,recent_observed,False,included_recent_demand_history,0,Historical expanding mean,2.1515151515151514,2,143,0.0007877050435739905,0.93725283287119,B,False,5.0,3.5,2.1515151515151514,0.8461538461538461,1.0,1.0,7,,,,,,,,,,,,,0,0.0,0.0,7,4.142857142857143,29.0,1.6047619047619046,2.5714285714285716
2026-07-13,2026-07-19,2036,FINGERS DE POLLO,14,SUGERENCIAS,regular,recent_observed,False,included_recent_demand_history,3,Historical expanding mean,2.0833333333333335,2,144,0.0007627425597987585,0.9380155754309888,B,False,,1.0,2.0833333333333335,0.6153846153846154,4.0,1.0,7,,,,,,,,,,,,,0,0.0,0.0,7,4.142857142857143,29.0,1.6047619047619046,2.5714285714285716
2026-07-13,2026-07-19,1711,WHITE LABEL,6,LICORES,intermittent,recent_observed,False,included_recent_demand_history,2,HistGradientBoosting Poisson,2.071877673757064,2,145,0.0007585484546262529,0.9387741238856151,B,False,,1.0,2.076923076923077,0.3333333333333333,3.0,1.0,7,,,,,,,,,,,,,0,0.0,0.0,7,4.142857142857143,29.0,1.6047619047619046,2.5714285714285716
2026-07-13,2026-07-19,1712,RED LABEL,6,LICORES,intermittent,moderately_recent_observed,False,included_recent_demand_history,4,HistGradientBoosting Poisson,2.0603824592728572,2,146,0.0007543398677521154,0.9395284637533672,B,False,,,1.7142857142857142,0.358974358974359,5.0,1.0,7,,,,,,,,,,,,,0,0.0,0.0,7,4.142857142857143,29.0,1.6047619047619046,2.5714285714285716
2026-07-13,2026-07-19,34013,MARGARITA,6,LICORES,cold_start,stale_observed,True,included_observed_history_conservative,28,HistGradientBoosting Poisson,2.01093231687624,2,147,0.000736235358218991,0.9402646991115862,B,False,,,2.5,0.05128205128205128,29.0,1.0,7,,,,,,,,,,,,,0,0.0,0.0,7,4.142857142857143,29.0,1.6047619047619046,2.5714285714285716
2026-07-13,2026-07-19,2041,ZACAPA,6,LICORES,sparse,stale_observed,True,included_observed_history_conservative,8,Historical expanding mean,2.0,2,148,0.0007322328574068082,0.9409969319689929,B,False,,,2.0,0.10256410256410256,9.0,1.0,7,,,,,,,,,,,,,0,0.0,0.0,7,4.142857142857143,29.0,1.6047619047619046,2.5714285714285716
2026-07-13,2026-07-19,2217,TINTO DE VERANO CON VERMOUTH,5,CERVEZAS,sparse,recent_observed,False,included_recent_demand_history,0,Historical expanding mean,2.0,2,149,0.0007322328574068082,0.9417291648263997,B,False,1.0,1.3333333333333333,2.0,0.20512820512820512,1.0,1.0,7,,,,,,,,,,,,,0,0.0,0.0,7,4.142857142857143,29.0,1.6047619047619046,2.5714285714285716
2026-07-13,2026-07-19,2334,LIMONCELLO VILLA MASSA,6,LICORES,sparse,stale_observed,True,included_observed_history_conservative,8,Historical expanding mean,2.0,2,150,0.0007322328574068082,0.9424613976838064,B,False,,,2.0,0.15384615384615385,9.0,1.0,7,,,,,,,,,,,,,0,0.0,0.0,7,4.142857142857143,29.0,1.6047619047619046,2.5714285714285716
2026-07-13,2026-07-19,1705,TANQUERAY,6,LICORES,intermittent,moderately_recent_observed,False,included_recent_demand_history,4,HistGradientBoosting Poisson,1.9977361167112702,2,151,0.0007314040125421371,0.9431928016963486,B,False,,,1.8571428571428572,0.358974358974359,5.0,1.0,7,,,,,,,,,,,,,0,0.0,0.0,7,4.142857142857143,29.0,1.6047619047619046,2.5714285714285716
2026-07-13,2026-07-19,2054,SOLAGÜEN BLANCO,8,BLANCOS,cold_start,recent_observed,False,included_recent_demand_history,2,HistGradientBoosting Poisson,1.9952059291454012,2,152,0.0007304776693065714,0.9439232793656551,B,False,,1.0,1.0,0.05128205128205128,3.0,1.0,7,,,,,,,,,,,,,0,0.0,0.0,7,4.142857142857143,29.0,1.6047619047619046,2.5714285714285716
2026-07-13,2026-07-19,2184,LA VICALANDA RESERVA,9,TINTOS,intermittent,recent_observed,False,included_recent_demand_history,0,HistGradientBoosting Poisson,1.9949542373960991,2,153,0.0007303855208221828,0.9446536648864773,B,False,2.0,2.0,2.230769230769231,0.3333333333333333,1.0,1.0,7,,,,,,,,,,,,,0,0.0,0.0,7,4.142857142857143,29.0,1.6047619047619046,2.5714285714285716
2026-07-13,2026-07-19,1780,BALLANTINES,6,LICORES,cold_start,recent_observed,False,included_recent_demand_history,1,HistGradientBoosting Poisson,1.9830297886270993,2,154,0.0007260197842246199,0.9453796846707019,B,False,,1.0,1.0,0.07692307692307693,2.0,1.0,7,,,,,,,,,,,,,0,0.0,0.0,7,4.142857142857143,29.0,1.6047619047619046,2.5714285714285716
2026-07-13,2026-07-19,2259,ABADIA RETUERTA,9,TINTOS,frequent,recent_observed,False,included_recent_demand_history,0,Historical expanding mean,1.9696969696969697,2,155,0.0007211384201733716,0.9461008230908753,B,False,1.0,1.25,1.9696969696969697,0.8461538461538461,1.0,1.0,7,,,,,,,,,,,,,0,0.0,0.0,7,4.142857142857143,29.0,1.6047619047619046,2.5714285714285716
2026-07-13,2026-07-19,2264,MAR DE FRADES,8,BLANCOS,intermittent,recent_observed,False,included_recent_demand_history,0,HistGradientBoosting Poisson,1.9615058550145492,2,156,0.0007181395185187439,0.946818962609394,B,False,1.0,1.0,1.736842105263158,0.48717948717948717,1.0,1.0,7,,,,,,,,,,,,,0,0.0,0.0,7,4.142857142857143,29.0,1.6047619047619046,2.5714285714285716
2026-07-13,2026-07-19,2282,JAMON DE BELLOTA  DE JABUGO,14,SUGERENCIAS,regular,recent_observed,False,included_recent_demand_history,0,Historical expanding mean,1.8928571428571428,2,157,0.0006930060971885863,0.9475119687065826,B,False,1.0,1.3333333333333333,1.8928571428571428,0.717948717948718,1.0,1.0,7,,,,,,,,,,,,,0,0.0,0.0,7,4.142857142857143,29.0,1.6047619047619046,2.5714285714285716
2026-07-13,2026-07-19,2345,ARROZ MELOSO BOLETUS Y TRUFA,14,SUGERENCIAS,sparse,moderately_recent_observed,False,included_recent_demand_history,4,Historical expanding mean,1.875,2,158,0.0006864683038188827,0.9481984370104015,B,False,,,1.875,0.20512820512820512,5.0,1.0,7,,,,,,,,,,,,,0,0.0,0.0,7,4.142857142857143,29.0,1.6047619047619046,2.5714285714285716
2026-07-13,2026-07-19,2044,HENDRICKS,6,LICORES,cold_start,moderately_recent_observed,False,included_recent_demand_history,6,HistGradientBoosting Poisson,1.872520841182761,2,159,0.0006855606430465266,0.948883997653448,B,False,,,1.5,0.05128205128205128,7.0,1.0,7,,,,,,,,,,,,,0,0.0,0.0,7,4.142857142857143,29.0,1.6047619047619046,2.5714285714285716
2026-07-13,2026-07-19,41,TONICA,4,REFRESCOS,regular,recent_observed,False,included_recent_demand_history,0,Historical expanding mean,1.8620689655172413,2,160,0.0006817340396546145,0.9495657316931027,B,False,1.0,1.3333333333333333,1.8620689655172413,0.7435897435897436,1.0,1.0,7,,,,,,,,,,,,,0,0.0,0.0,7,4.142857142857143,29.0,1.6047619047619046,2.5714285714285716
2026-07-13,2026-07-19,2336,TALIMA,5,CERVEZAS,cold_start,stale_observed,True,included_observed_history_conservative,23,HistGradientBoosting Poisson,1.858812710402668,2,161,0.0006805418711611197,0.9502462735642637,B,False,,,2.0,0.02564102564102564,24.0,1.0,7,,,,,,,,,,,,,0,0.0,0.0,7,4.142857142857143,29.0,1.6047619047619046,2.5714285714285716
2026-07-13,2026-07-19,2331,PROTOS 9 MESES,9,TINTOS,regular,recent_observed,False,included_recent_demand_history,3,Historical expanding mean,1.8518518518518519,2,162,0.0006779933864877854,0.9509242669507515,C,False,,4.0,1.8518518518518519,0.6923076923076923,4.0,1.0,7,,,,,,,,,,,,,0,0.0,0.0,7,4.142857142857143,29.0,1.6047619047619046,2.5714285714285716
2026-07-13,2026-07-19,1795,ARS COLLECTA GRAN RESERVA,10,ESPUMOSOS,intermittent,recent_observed,False,included_recent_demand_history,0,HistGradientBoosting Poisson,1.8501519657128904,2,163,0.0006773710302453863,0.9516016379809968,C,False,1.0,1.0,1.5,0.3076923076923077,1.0,1.0,7,,,,,,,,,,,,,0,0.0,0.0,7,4.142857142857143,29.0,1.6047619047619046,2.5714285714285716
2026-07-13,2026-07-19,2114,TANQUERAY RANGPUR,6,LICORES,cold_start,moderately_recent_observed,False,included_recent_demand_history,7,HistGradientBoosting Poisson,1.8483169207242054,2,164,0.000676699190127619,0.9522783371711244,C,False,,,1.0,0.05128205128205128,8.0,1.0,7,,,,,,,,,,,,,0,0.0,0.0,7,4.142857142857143,29.0,1.6047619047619046,2.5714285714285716
2026-07-13,2026-07-19,2058,ARROZ MELOSO DE SOLOMILLO A LA PARRILLA,14,SUGERENCIAS,intermittent,moderately_recent_observed,False,included_recent_demand_history,6,HistGradientBoosting Poisson,1.825505665964639,2,165,0.0006683476150008029,0.9529466847861252,C,False,,,2.3,0.2564102564102564,7.0,1.0,7,,,,,,,,,,,,,0,0.0,0.0,7,4.142857142857143,29.0,1.6047619047619046,2.5714285714285716
2026-07-13,2026-07-19,2221,CUTTY SARK,6,LICORES,cold_start,moderately_recent_observed,False,included_recent_demand_history,4,HistGradientBoosting Poisson,1.8122547210087856,2,166,0.0006634962263566205,0.9536101810124819,C,False,,,1.6666666666666667,0.07692307692307693,5.0,1.0,7,,,,,,,,,,,,,0,0.0,0.0,7,4.142857142857143,29.0,1.6047619047619046,2.5714285714285716
2026-07-13,2026-07-19,1702,MARTIN MILERS,6,LICORES,intermittent,recent_observed,False,included_recent_demand_history,2,HistGradientBoosting Poisson,1.792740230002205,2,167,0.0006563516506013265,0.9542665326630831,C,False,,2.0,2.0833333333333335,0.3076923076923077,3.0,1.0,7,,,,,,,,,,,,,0,0.0,0.0,7,4.142857142857143,29.0,1.6047619047619046,2.5714285714285716
2026-07-13,2026-07-19,2390,LOPEZ CRISTOBAL ALBILLO,8,BLANCOS,cold_start,moderately_recent_observed,False,included_recent_demand_history,4,HistGradientBoosting Poisson,1.790044694167048,2,168,0.0006553647706479169,0.954921897433731,C,False,,,1.3333333333333333,0.07692307692307693,5.0,1.0,7,,,,,,,,,,,,,0,0.0,0.0,7,4.142857142857143,29.0,1.6047619047619046,2.5714285714285716
2026-07-13,2026-07-19,2317,VIÑA  ARDANZA,9,TINTOS,intermittent,recent_observed,False,included_recent_demand_history,2,HistGradientBoosting Poisson,1.789498558814716,2,169,0.0006551648215231324,0.9555770622552542,C,False,,2.0,2.0,0.46153846153846156,3.0,1.0,7,,,,,,,,,,,,,0,0.0,0.0,7,4.142857142857143,29.0,1.6047619047619046,2.5714285714285716
2026-07-13,2026-07-19,2135,ZURITO,5,CERVEZAS,cold_start,stale_observed,True,included_observed_history_conservative,21,HistGradientBoosting Poisson,1.7672817642311622,2,170,0.0006470308880329645,0.9562240931432872,C,False,,,1.0,0.05128205128205128,22.0,1.0,7,,,,,,,,,,,,,0,0.0,0.0,7,4.142857142857143,29.0,1.6047619047619046,2.5714285714285716
2026-07-13,2026-07-19,1697,BRUGAL,6,LICORES,intermittent,recent_observed,False,included_recent_demand_history,2,HistGradientBoosting Poisson,1.761386523974331,2,171,0.0006448725437237849,0.956868965687011,C,False,,2.0,2.0,0.4358974358974359,3.0,1.0,7,,,,,,,,,,,,,0,0.0,0.0,7,4.142857142857143,29.0,1.6047619047619046,2.5714285714285716
2026-07-13,2026-07-19,1996,SOLAGÜEN CRIANZA,9,TINTOS,sparse,stale_observed,True,included_observed_history_conservative,20,Historical expanding mean,1.75,2,172,0.0006407037502309572,0.9575096694372419,C,False,,,1.75,0.10256410256410256,21.0,1.0,7,,,,,,,,,,,,,0,0.0,0.0,7,4.142857142857143,29.0,1.6047619047619046,2.5714285714285716
2026-07-13,2026-07-19,2225,CHORIZO CRIOLLO A LA BRASA,14,SUGERENCIAS,sparse,recent_observed,False,included_recent_demand_history,2,Historical expanding mean,1.75,2,173,0.0006407037502309572,0.9581503731874729,C,False,,2.0,1.75,0.10256410256410256,3.0,1.0,7,,,,,,,,,,,,,0,0.0,0.0,7,4.142857142857143,29.0,1.6047619047619046,2.5714285714285716
2026-07-13,2026-07-19,1616,ZUMOS VARIADOS,4,REFRESCOS,intermittent,recent_observed,False,included_recent_demand_history,3,HistGradientBoosting Poisson,1.7415195909688257,2,174,0.0006375989331625195,0.9587879721206354,C,False,,3.0,1.6470588235294117,0.4358974358974359,4.0,1.0,7,,,,,,,,,,,,,0,0.0,0.0,7,4.142857142857143,29.0,1.6047619047619046,2.5714285714285716
2026-07-13,2026-07-19,2287,AGUA CRISTAL 1L LIMON,4,REFRESCOS,sparse,stale_observed,True,included_observed_history_conservative,10,Historical expanding mean,1.7142857142857142,2,175,0.0006276281634915498,0.959415600284127,C,False,,,1.7142857142857142,0.1794871794871795,11.0,1.0,7,,,,,,,,,,,,,0,0.0,0.0,7,4.142857142857143,29.0,1.6047619047619046,2.5714285714285716
2026-07-13,2026-07-19,1703,NORDÉS,6,LICORES,intermittent,moderately_recent_observed,False,included_recent_demand_history,7,HistGradientBoosting Poisson,1.714152738946908,2,176,0.0006275794790354005,0.9600431797631623,C,False,,,1.5,0.2564102564102564,8.0,1.0,7,,,,,,,,,,,,,0,0.0,0.0,7,4.142857142857143,29.0,1.6047619047619046,2.5714285714285716
2026-07-13,2026-07-19,1922,VIÑA POMAL SELECCION 106,9,TINTOS,regular,recent_observed,False,included_recent_demand_history,0,Historical expanding mean,1.7,2,177,0.0006223979287957869,0.9606655776919582,C,False,2.0,2.0,1.7,0.5128205128205128,1.0,1.0,7,,,,,,,,,,,,,0,0.0,0.0,7,4.142857142857143,29.0,1.6047619047619046,2.5714285714285716
2026-07-13,2026-07-19,1873,"BOCATA DE PANCETA DE ""CHASU""",28,CLASICOS,intermittent,recent_observed,False,included_recent_demand_history,0,HistGradientBoosting Poisson,1.673872213623658,2,178,0.0006128321169577551,0.9612784098089159,C,False,2.0,1.5,1.6923076923076923,0.3333333333333333,1.0,1.0,7,,,,,,,,,,,,,0,0.0,0.0,7,4.142857142857143,29.0,1.6047619047619046,2.5714285714285716
2026-07-13,2026-07-19,34018,MARICHAL RESERVA  TANNAT,9,TINTOS,cold_start,recent_observed,False,included_recent_demand_history,2,HistGradientBoosting Poisson,1.6693980340974524,2,179,0.0006111940463282429,0.9618896038552441,C,False,,1.0,1.0,0.02564102564102564,3.0,1.0,7,,,,,,,,,,,,,0,0.0,0.0,7,4.142857142857143,29.0,1.6047619047619046,2.5714285714285716
2026-07-13,2026-07-19,2342,VIÑAS DEL VERO GEWURZTRAMINER,8,BLANCOS,intermittent,recent_observed,False,included_recent_demand_history,2,HistGradientBoosting Poisson,1.6537398172240563,2,180,0.0006054613158866918,0.9624950651711308,C,False,,1.0,1.3846153846153846,0.3333333333333333,3.0,1.0,7,,,,,,,,,,,,,0,0.0,0.0,7,4.142857142857143,29.0,1.6047619047619046,2.5714285714285716
2026-07-13,2026-07-19,2304,MINI TORTILLA CON TRUFA,1,TAPAS CALIENTES,cold_start,stale_observed,True,included_observed_history_conservative,37,HistGradientBoosting Poisson,1.6487276278020715,2,181,0.0006036262709955296,0.9630986914421263,C,False,,,1.0,0.02564102564102564,38.0,1.0,7,,,,,,,,,,,,,0,0.0,0.0,7,4.142857142857143,29.0,1.6047619047619046,2.5714285714285716
2026-07-13,2026-07-19,2204,CARAJILLO,13,POSTRES,intermittent,moderately_recent_observed,False,included_recent_demand_history,7,HistGradientBoosting Poisson,1.646943865536299,2,182,0.0006029732063251291,0.9637016646484514,C,False,,,1.3846153846153846,0.3333333333333333,8.0,1.0,7,,,,,,,,,,,,,0,0.0,0.0,7,4.142857142857143,29.0,1.6047619047619046,2.5714285714285716
2026-07-13,2026-07-19,2313,NUMANTHIA,9,TINTOS,intermittent,recent_observed,False,included_recent_demand_history,0,HistGradientBoosting Poisson,1.6447871355678045,2,183,0.0006021835920513864,0.9643038482405029,C,False,2.0,2.0,1.4,0.2564102564102564,1.0,1.0,7,,,,,,,,,,,,,0,0.0,0.0,7,4.142857142857143,29.0,1.6047619047619046,2.5714285714285716
2026-07-13,2026-07-19,2319,LOPEZ CRISTOBAL CRIANZA,9,TINTOS,regular,recent_observed,False,included_recent_demand_history,0,Historical expanding mean,1.6363636363636365,2,184,0.0005990996106055704,0.9649029478511084,C,False,1.0,1.5,1.6363636363636365,0.5641025641025641,1.0,1.0,7,,,,,,,,,,,,,0,0.0,0.0,7,4.142857142857143,29.0,1.6047619047619046,2.5714285714285716
2026-07-13,2026-07-19,2205,CAFE BOMBON,13,POSTRES,intermittent,recent_observed,False,included_recent_demand_history,0,HistGradientBoosting Poisson,1.6360323581273866,2,185,0.0005989783242008074,0.9655019261753093,C,False,1.0,1.5,1.9333333333333333,0.38461538461538464,1.0,1.0,7,,,,,,,,,,,,,0,0.0,0.0,7,4.142857142857143,29.0,1.6047619047619046,2.5714285714285716
2026-07-13,2026-07-19,2320,VALDERIZ,9,TINTOS,sparse,moderately_recent_observed,False,included_recent_demand_history,5,Historical expanding mean,1.625,2,186,0.0005949391966430317,0.9660968653719523,C,False,,,1.625,0.20512820512820512,6.0,1.0,7,,,,,,,,,,,,,0,0.0,0.0,7,4.142857142857143,29.0,1.6047619047619046,2.5714285714285716
2026-07-13,2026-07-19,2371,PETALOS,9,TINTOS,regular,recent_observed,False,included_recent_demand_history,0,Historical expanding mean,1.625,2,187,0.0005949391966430317,0.9666918045685953,C,False,2.0,2.5,1.625,0.6153846153846154,1.0,1.0,7,,,,,,,,,,,,,0,0.0,0.0,7,4.142857142857143,29.0,1.6047619047619046,2.5714285714285716
2026-07-13,2026-07-19,2228,TARTA DE QUESO CON CHOCOLATE,13,POSTRES,cold_start,stale_observed,True,included_observed_history_conservative,8,HistGradientBoosting Poisson,1.6234748636657017,2,188,0.0005943808191750325,0.9672861853877703,C,False,,,1.0,0.02564102564102564,9.0,1.0,7,,,,,,,,,,,,,0,0.0,0.0,7,4.142857142857143,29.0,1.6047619047619046,2.5714285714285716
2026-07-13,2026-07-19,1713,BLACK LABEL,6,LICORES,intermittent,recent_observed,False,included_recent_demand_history,2,HistGradientBoosting Poisson,1.6234037857782164,2,189,0.0005943547963927066,0.967880540184163,C,False,,2.0,1.875,0.41025641025641024,3.0,1.0,7,,,,,,,,,,,,,0,0.0,0.0,7,4.142857142857143,29.0,1.6047619047619046,2.5714285714285716
2026-07-13,2026-07-19,2337,VIÑA POMAL ROSADO,32,ROSADOS,cold_start,stale_observed,True,included_observed_history_conservative,13,HistGradientBoosting Poisson,1.6233914107573493,2,190,0.0005943502656942616,0.9684748904498572,C,False,,,1.5,0.05128205128205128,14.0,1.0,7,,,,,,,,,,,,,0,0.0,0.0,7,4.142857142857143,29.0,1.6047619047619046,2.5714285714285716
2026-07-13,2026-07-19,2153,BAINES ORO,6,LICORES,intermittent,recent_observed,False,included_recent_demand_history,2,HistGradientBoosting Poisson,1.623329045422199,2,191,0.0005943274327204815,0.9690692178825777,C,False,,1.0,1.9230769230769231,0.3333333333333333,3.0,1.0,7,,,,,,,,,,,,,0,0.0,0.0,7,4.142857142857143,29.0,1.6047619047619046,2.5714285714285716
2026-07-13,2026-07-19,2155,BAILEYS,6,LICORES,intermittent,recent_observed,False,included_recent_demand_history,0,HistGradientBoosting Poisson,1.6095657560654166,2,192,0.0005892884663739648,0.9696585063489517,C,False,2.0,1.3333333333333333,1.7142857142857142,0.358974358974359,1.0,1.0,7,,,,,,,,,,,,,0,0.0,0.0,7,4.142857142857143,29.0,1.6047619047619046,2.5714285714285716
2026-07-13,2026-07-19,2355,MARQUES DE MURRIETA,9,TINTOS,intermittent,moderately_recent_observed,False,included_recent_demand_history,4,HistGradientBoosting Poisson,1.608700515196766,2,193,0.0005889716874771662,0.9702474780364289,C,False,,,1.6,0.38461538461538464,5.0,1.0,7,,,,,,,,,,,,,0,0.0,0.0,7,4.142857142857143,29.0,1.6047619047619046,2.5714285714285716
2026-07-13,2026-07-19,2389,SANTIGUADERO,8,BLANCOS,cold_start,stale_observed,True,included_observed_history_conservative,10,HistGradientBoosting Poisson,1.6060910512687971,2,194,0.0005880163198630279,0.9708354943562919,C,False,,,1.5,0.05128205128205128,11.0,1.0,7,,,,,,,,,,,,,0,0.0,0.0,7,4.142857142857143,29.0,1.6047619047619046,2.5714285714285716
2026-07-13,2026-07-19,2157,TEQUILA DON JULIO REPOSADO,6,LICORES,cold_start,stale_observed,True,included_observed_history_conservative,21,HistGradientBoosting Poisson,1.5872292371469388,2,195,0.0005811106998378656,0.9714166050561298,C,False,,,1.5,0.05128205128205128,22.0,1.0,7,,,,,,,,,,,,,0,0.0,0.0,7,4.142857142857143,29.0,1.6047619047619046,2.5714285714285716
2026-07-13,2026-07-19,2315,LA MATEO VENDIMIA,9,TINTOS,intermittent,moderately_recent_observed,False,included_recent_demand_history,5,HistGradientBoosting Poisson,1.582310521820071,2,196,0.0005793098773485842,0.9719959149334784,C,False,,,1.3636363636363635,0.28205128205128205,6.0,1.0,7,,,,,,,,,,,,,0,0.0,0.0,7,4.142857142857143,29.0,1.6047619047619046,2.5714285714285716
2026-07-13,2026-07-19,1771,TANQUERAY TEN,6,LICORES,cold_start,stale_observed,True,included_observed_history_conservative,21,HistGradientBoosting Poisson,1.5773104134326423,2,197,0.0005774792555226488,0.972573394189001,C,False,,,2.0,0.05128205128205128,22.0,1.0,7,,,,,,,,,,,,,0,0.0,0.0,7,4.142857142857143,29.0,1.6047619047619046,2.5714285714285716
2026-07-13,2026-07-19,2017,ZUMO DE NARANJA  NATURAL,4,REFRESCOS,cold_start,stale_observed,True,included_observed_history_conservative,26,HistGradientBoosting Poisson,1.5743779986573838,2,198,0.000576405650297654,0.9731497998392987,C,False,,,1.0,0.02564102564102564,27.0,1.0,7,,,,,,,,,,,,,0,0.0,0.0,7,4.142857142857143,29.0,1.6047619047619046,2.5714285714285716
2026-07-13,2026-07-19,2149,LEGENDARIO,6,LICORES,cold_start,stale_observed,True,included_observed_history_conservative,32,HistGradientBoosting Poisson,1.5742416087240425,2,199,0.000576355715702348,0.9737261555550011,C,False,,,2.0,0.07692307692307693,33.0,1.0,7,,,,,,,,,,,,,0,0.0,0.0,7,4.142857142857143,29.0,1.6047619047619046,2.5714285714285716
2026-07-13,2026-07-19,2268,CAN MATONS,8,BLANCOS,cold_start,stale_observed,True,included_observed_history_conservative,22,HistGradientBoosting Poisson,1.5704996954627373,2,200,0.000574985739782601,0.9743011412947837,C,False,,,1.0,0.02564102564102564,23.0,1.0,7,,,,,,,,,,,,,0,0.0,0.0,7,4.142857142857143,29.0,1.6047619047619046,2.5714285714285716
2026-07-13,2026-07-19,2365,TERRAS GAUDA,8,BLANCOS,cold_start,stale_observed,True,included_observed_history_conservative,24,HistGradientBoosting Poisson,1.5704996954627373,2,201,0.000574985739782601,0.9748761270345664,C,False,,,1.0,0.02564102564102564,25.0,1.0,7,,,,,,,,,,,,,0,0.0,0.0,7,4.142857142857143,29.0,1.6047619047619046,2.5714285714285716
2026-07-13,2026-07-19,2367,JOSE PARIENTE,8,BLANCOS,regular,recent_observed,False,included_recent_demand_history,1,Historical expanding mean,1.56,2,202,0.0005711416287773104,0.9754472686633437,C,False,,1.0,1.56,0.6410256410256411,2.0,1.0,7,,,,,,,,,,,,,0,0.0,0.0,7,4.142857142857143,29.0,1.6047619047619046,2.5714285714285716
2026-07-13,2026-07-19,2188,SEPTIMA OBRA,9,TINTOS,regular,moderately_recent_observed,False,included_recent_demand_history,7,Historical expanding mean,1.55,2,203,0.0005674804644902763,0.976014749127834,C,False,,,1.55,0.5128205128205128,8.0,1.0,7,,,,,,,,,,,,,0,0.0,0.0,7,4.142857142857143,29.0,1.6047619047619046,2.5714285714285716
2026-07-13,2026-07-19,2038,LARIOS 12,6,LICORES,cold_start,stale_observed,True,included_observed_history_conservative,10,HistGradientBoosting Poisson,1.5381539484377265,2,204,0.0005631434303980604,0.9765778925582321,C,False,,,2.0,0.02564102564102564,11.0,1.0,7,,,,,,,,,,,,,0,0.0,0.0,7,4.142857142857143,29.0,1.6047619047619046,2.5714285714285716
2026-07-13,2026-07-19,34012,MAGNO,6,LICORES,cold_start,stale_observed,True,included_observed_history_conservative,32,HistGradientBoosting Poisson,1.5381539484377265,2,205,0.0005631434303980604,0.9771410359886302,C,False,,,2.0,0.02564102564102564,33.0,1.0,7,,,,,,,,,,,,,0,0.0,0.0,7,4.142857142857143,29.0,1.6047619047619046,2.5714285714285716
2026-07-13,2026-07-19,1849,PARAMOS LEGARIS,9,TINTOS,intermittent,recent_observed,False,included_recent_demand_history,2,HistGradientBoosting Poisson,1.5354934991264246,2,206,0.0005621693961974601,0.9777032053848277,C,False,,1.0,1.7222222222222223,0.46153846153846156,3.0,1.0,7,,,,,,,,,,,,,0,0.0,0.0,7,4.142857142857143,29.0,1.6047619047619046,2.5714285714285716
2026-07-13,2026-07-19,1985,FLOR DE CAÑA 7 AÑOS,6,LICORES,cold_start,stale_observed,True,included_observed_history_conservative,11,HistGradientBoosting Poisson,1.5335245629919843,2,207,0.0005614485363315738,0.9782646539211592,C,False,,,1.0,0.05128205128205128,12.0,1.0,7,,,,,,,,,,,,,0,0.0,0.0,7,4.142857142857143,29.0,1.6047619047619046,2.5714285714285716
2026-07-13,2026-07-19,2011,JACK DANIELS,6,LICORES,cold_start,stale_observed,True,included_observed_history_conservative,16,HistGradientBoosting Poisson,1.5335245629919843,2,208,0.0005614485363315738,0.9788261024574908,C,False,,,1.0,0.05128205128205128,17.0,1.0,7,,,,,,,,,,,,,0,0.0,0.0,7,4.142857142857143,29.0,1.6047619047619046,2.5714285714285716
2026-07-13,2026-07-19,2120,HABANA 7,6,LICORES,cold_start,stale_observed,True,included_observed_history_conservative,11,HistGradientBoosting Poisson,1.5335245629919843,2,209,0.0005614485363315738,0.9793875509938224,C,False,,,1.0,0.05128205128205128,12.0,1.0,7,,,,,,,,,,,,,0,0.0,0.0,7,4.142857142857143,29.0,1.6047619047619046,2.5714285714285716
2026-07-13,2026-07-19,2045,AMARETTO DISARONNO,6,LICORES,cold_start,stale_observed,True,included_observed_history_conservative,27,HistGradientBoosting Poisson,1.5024704489294232,2,210,0.0005500791149944407,0.9799376301088168,C,False,,,1.0,0.02564102564102564,28.0,1.0,7,,,,,,,,,,,,,0,0.0,0.0,7,4.142857142857143,29.0,1.6047619047619046,2.5714285714285716
2026-07-13,2026-07-19,2310,RONSSE LEGENDARIO,6,LICORES,cold_start,stale_observed,True,included_observed_history_conservative,12,HistGradientBoosting Poisson,1.5024704489294232,2,211,0.0005500791149944407,0.9804877092238113,C,False,,,1.0,0.02564102564102564,13.0,1.0,7,,,,,,,,,,,,,0,0.0,0.0,7,4.142857142857143,29.0,1.6047619047619046,2.5714285714285716
2026-07-13,2026-07-19,34007,DYC,6,LICORES,cold_start,stale_observed,True,included_observed_history_conservative,15,HistGradientBoosting Poisson,1.5024704489294232,2,212,0.0005500791149944407,0.9810377883388058,C,False,,,1.0,0.02564102564102564,16.0,1.0,7,,,,,,,,,,,,,0,0.0,0.0,7,4.142857142857143,29.0,1.6047619047619046,2.5714285714285716
2026-07-13,2026-07-19,1567,PEDRO XIMENEZ COPA,6,LICORES,sparse,recent_observed,False,included_recent_demand_history,2,Historical expanding mean,1.5,2,213,0.0005491746430551062,0.981586962981861,C,False,,1.0,1.5,0.15384615384615385,3.0,1.0,7,,,,,,,,,,,,,0,0.0,0.0,7,4.142857142857143,29.0,1.6047619047619046,2.5714285714285716
2026-07-13,2026-07-19,1710,JB,6,LICORES,sparse,recent_observed,False,included_recent_demand_history,2,Historical expanding mean,1.5,2,214,0.0005491746430551062,0.9821361376249161,C,False,,1.0,1.5,0.15384615384615385,3.0,1.0,7,,,,,,,,,,,,,0,0.0,0.0,7,4.142857142857143,29.0,1.6047619047619046,2.5714285714285716
2026-07-13,2026-07-19,2129,COULANT DE CHOCOLATE GLUTEN FREE,13,POSTRES,regular,moderately_recent_observed,False,included_recent_demand_history,4,Historical expanding mean,1.5,2,215,0.0005491746430551062,0.9826853122679713,C,False,,,1.5,0.5128205128205128,5.0,1.0,7,,,,,,,,,,,,,0,0.0,0.0,7,4.142857142857143,29.0,1.6047619047619046,2.5714285714285716
2026-07-13,2026-07-19,2291,BULLDOG,6,LICORES,sparse,recent_observed,False,included_recent_demand_history,1,Historical expanding mean,1.5,2,216,0.0005491746430551062,0.9832344869110264,C,False,,2.0,1.5,0.10256410256410256,2.0,1.0,7,,,,,,,,,,,,,0,0.0,0.0,7,4.142857142857143,29.0,1.6047619047619046,2.5714285714285716
2026-07-13,2026-07-19,2395,LA REQUEMADA,9,TINTOS,sparse,stale_observed,True,included_observed_history_conservative,20,Historical expanding mean,1.5,2,217,0.0005491746430551062,0.9837836615540816,C,False,,,1.5,0.10256410256410256,21.0,1.0,7,,,,,,,,,,,,,0,0.0,0.0,7,4.142857142857143,29.0,1.6047619047619046,2.5714285714285716
2026-07-13,2026-07-19,1779,GVINE,6,LICORES,cold_start,stale_observed,True,included_observed_history_conservative,26,HistGradientBoosting Poisson,1.4994996254575257,1,218,0.0005489914477146014,0.9843326530017962,C,False,,,1.3333333333333333,0.07692307692307693,27.0,1.0,7,,,,,,,,,,,,,0,0.0,0.0,7,4.142857142857143,29.0,1.6047619047619046,2.5714285714285716
2026-07-13,2026-07-19,2042,GREY GOOSE,6,LICORES,cold_start,stale_observed,True,included_observed_history_conservative,9,HistGradientBoosting Poisson,1.4994996254575257,1,219,0.0005489914477146014,0.9848816444495108,C,False,,,1.3333333333333333,0.07692307692307693,10.0,1.0,7,,,,,,,,,,,,,0,0.0,0.0,7,4.142857142857143,29.0,1.6047619047619046,2.5714285714285716
2026-07-13,2026-07-19,2219,BITTER KAS,4,REFRESCOS,intermittent,recent_observed,False,included_recent_demand_history,2,HistGradientBoosting Poisson,1.470290984539928,1,220,0.0005382976844145703,0.9854199421339254,C,False,,1.0,1.1538461538461537,0.3333333333333333,3.0,1.0,7,,,,,,,,,,,,,0,0.0,0.0,7,4.142857142857143,29.0,1.6047619047619046,2.5714285714285716
2026-07-13,2026-07-19,2341,TXINPANZE BLANCO,8,BLANCOS,cold_start,stale_observed,True,included_observed_history_conservative,15,HistGradientBoosting Poisson,1.465979682033733,1,221,0.0005367192457379422,0.9859566613796633,C,False,,,1.0,0.07692307692307693,16.0,1.0,7,,,,,,,,,,,,,0,0.0,0.0,7,4.142857142857143,29.0,1.6047619047619046,2.5714285714285716
2026-07-13,2026-07-19,2344,MOJITO,6,LICORES,cold_start,stale_observed,True,included_observed_history_conservative,11,HistGradientBoosting Poisson,1.4620495764622325,1,222,0.0005352803695216771,0.986491941749185,C,False,,,2.3333333333333335,0.07692307692307693,12.0,1.0,7,,,,,,,,,,,,,0,0.0,0.0,7,4.142857142857143,29.0,1.6047619047619046,2.5714285714285716
2026-07-13,2026-07-19,2194,MEDIA DE MEJILLONES A LA BRASA,22,EXTRAS,intermittent,moderately_recent_observed,False,included_recent_demand_history,7,HistGradientBoosting Poisson,1.455770655075321,1,223,0.0005329815532473917,0.9870249233024324,C,False,,,1.5,0.2564102564102564,8.0,1.0,7,,,,,,,,,,,,,0,0.0,0.0,7,4.142857142857143,29.0,1.6047619047619046,2.5714285714285716
2026-07-13,2026-07-19,2229,GLENFIDDICH 12,6,LICORES,cold_start,stale_observed,True,included_observed_history_conservative,16,HistGradientBoosting Poisson,1.4487633254348358,1,224,0.0005304160547446697,0.9875553393571771,C,False,,,1.0,0.07692307692307693,17.0,1.0,7,,,,,,,,,,,,,0,0.0,0.0,7,4.142857142857143,29.0,1.6047619047619046,2.5714285714285716
2026-07-13,2026-07-19,2191,ENSALADA MIXTA,26,GUARNICIONES,intermittent,stale_observed,True,included_observed_history_conservative,16,HistGradientBoosting Poisson,1.4420732930018527,1,225,0.0005279667239623959,0.9880833060811395,C,False,,,1.4666666666666666,0.38461538461538464,17.0,1.0,7,,,,,,,,,,,,,0,0.0,0.0,7,4.142857142857143,29.0,1.6047619047619046,2.5714285714285716
2026-07-13,2026-07-19,1825,QUESO DE OVEJA,14,SUGERENCIAS,intermittent,recent_observed,False,included_recent_demand_history,3,HistGradientBoosting Poisson,1.438523428587668,1,226,0.0005266670602806934,0.9886099731414202,C,False,,1.0,1.2142857142857142,0.358974358974359,4.0,1.0,7,,,,,,,,,,,,,0,0.0,0.0,7,4.142857142857143,29.0,1.6047619047619046,2.5714285714285716
2026-07-13,2026-07-19,2122,MEDIA DE TORREZNOS,22,EXTRAS,intermittent,moderately_recent_observed,False,included_recent_demand_history,5,HistGradientBoosting Poisson,1.4358223635895153,1,227,0.0005256781560098739,0.9891356512974301,C,False,,,1.3333333333333333,0.46153846153846156,6.0,1.0,7,,,,,,,,,,,,,0,0.0,0.0,7,4.142857142857143,29.0,1.6047619047619046,2.5714285714285716
2026-07-13,2026-07-19,2396,CARROA,9,TINTOS,intermittent,moderately_recent_observed,False,included_recent_demand_history,4,HistGradientBoosting Poisson,1.419090919205308,1,228,0.0005195524993448783,0.989655203796775,C,False,,,1.8,0.2564102564102564,5.0,1.0,7,,,,,,,,,,,,,0,0.0,0.0,7,4.142857142857143,29.0,1.6047619047619046,2.5714285714285716
2026-07-13,2026-07-19,2210,CAPUCCINO,13,POSTRES,intermittent,recent_observed,False,included_recent_demand_history,2,HistGradientBoosting Poisson,1.4014888340549347,1,229,0.0005131080867918905,0.9901683118835668,C,False,,1.0,1.4615384615384615,0.3333333333333333,3.0,1.0,7,,,,,,,,,,,,,0,0.0,0.0,7,4.142857142857143,29.0,1.6047619047619046,2.5714285714285716
2026-07-13,2026-07-19,1704,PUERTO DE INDIAS,6,LICORES,sparse,stale_observed,True,included_observed_history_conservative,10,Historical expanding mean,1.4,1,230,0.0005125630001847657,0.9906808748837516,C,False,,,1.4,0.1282051282051282,11.0,1.0,7,,,,,,,,,,,,,0,0.0,0.0,7,4.142857142857143,29.0,1.6047619047619046,2.5714285714285716
2026-07-13,2026-07-19,2173,FINO,6,LICORES,sparse,stale_observed,True,included_observed_history_conservative,11,Historical expanding mean,1.4,1,231,0.0005125630001847657,0.9911934378839363,C,False,,,1.4,0.1282051282051282,12.0,1.0,7,,,,,,,,,,,,,0,0.0,0.0,7,4.142857142857143,29.0,1.6047619047619046,2.5714285714285716
2026-07-13,2026-07-19,2273,JAMESON,6,LICORES,sparse,moderately_recent_observed,False,included_recent_demand_history,4,Historical expanding mean,1.4,1,232,0.0005125630001847657,0.9917060008841211,C,False,,,1.4,0.1282051282051282,5.0,1.0,7,,,,,,,,,,,,,0,0.0,0.0,7,4.142857142857143,29.0,1.6047619047619046,2.5714285714285716
2026-07-13,2026-07-19,2393,LA MATEO ROSE,32,ROSADOS,sparse,recent_observed,False,included_recent_demand_history,2,Historical expanding mean,1.4,1,233,0.0005125630001847657,0.9922185638843058,C,False,,1.5,1.4,0.1282051282051282,3.0,1.0,7,,,,,,,,,,,,,0,0.0,0.0,7,4.142857142857143,29.0,1.6047619047619046,2.5714285714285716
2026-07-13,2026-07-19,2398,PAGOS DE POSADA,9,TINTOS,sparse,moderately_recent_observed,False,included_recent_demand_history,4,Historical expanding mean,1.375,1,234,0.0005034100894671807,0.992721973973773,C,False,,,1.375,0.20512820512820512,5.0,1.0,7,,,,,,,,,,,,,0,0.0,0.0,7,4.142857142857143,29.0,1.6047619047619046,2.5714285714285716
2026-07-13,2026-07-19,2399,TERMES,9,TINTOS,sparse,moderately_recent_observed,False,included_recent_demand_history,7,Historical expanding mean,1.375,1,235,0.0005034100894671807,0.9932253840632402,C,False,,,1.375,0.20512820512820512,8.0,1.0,7,,,,,,,,,,,,,0,0.0,0.0,7,4.142857142857143,29.0,1.6047619047619046,2.5714285714285716
2026-07-13,2026-07-19,2010,SANTA TERESA,6,LICORES,sparse,recent_observed,False,included_recent_demand_history,0,Historical expanding mean,1.2857142857142858,1,236,0.0004707211226186624,0.9936961051858589,C,False,2.0,2.0,1.2857142857142858,0.1794871794871795,1.0,1.0,7,,,,,,,,,,,,,0,0.0,0.0,7,4.142857142857143,29.0,1.6047619047619046,2.5714285714285716
2026-07-13,2026-07-19,2316,LA VANIDOSA,9,TINTOS,intermittent,stale_observed,True,included_observed_history_conservative,8,HistGradientBoosting Poisson,1.2763765482411846,1,237,0.00046730242352284066,0.9941634076093818,C,False,,,1.1,0.2564102564102564,9.0,1.0,7,,,,,,,,,,,,,0,0.0,0.0,7,4.142857142857143,29.0,1.6047619047619046,2.5714285714285716
2026-07-13,2026-07-19,2288,POSTALES DE FIN DEL MUNDO,9,TINTOS,cold_start,stale_observed,True,included_observed_history_conservative,37,HistGradientBoosting Poisson,1.2742867121911297,1,238,0.0004665373002116189,0.9946299449095934,C,False,,,1.5,0.05128205128205128,38.0,1.0,7,,,,,,,,,,,,,0,0.0,0.0,7,4.142857142857143,29.0,1.6047619047619046,2.5714285714285716
2026-07-13,2026-07-19,2327,LA MATEO BLANCO,8,BLANCOS,sparse,recent_observed,False,included_recent_demand_history,0,Historical expanding mean,1.25,1,239,0.0004576455358792551,0.9950875904454727,C,False,2.0,1.3333333333333333,1.25,0.10256410256410256,1.0,1.0,7,,,,,,,,,,,,,0,0.0,0.0,7,4.142857142857143,29.0,1.6047619047619046,2.5714285714285716
2026-07-13,2026-07-19,2356,MARQUES DE ATRIO ED. LTDA.,9,TINTOS,cold_start,stale_observed,True,included_observed_history_conservative,19,HistGradientBoosting Poisson,1.2474689496784357,1,240,0.0004567188767746554,0.9955443093222474,C,False,,,2.3333333333333335,0.07692307692307693,20.0,1.0,7,,,,,,,,,,,,,0,0.0,0.0,7,4.142857142857143,29.0,1.6047619047619046,2.5714285714285716
2026-07-13,2026-07-19,2340,TXINPANZE TINTO,9,TINTOS,cold_start,stale_observed,True,included_observed_history_conservative,29,HistGradientBoosting Poisson,1.247076891127643,1,241,0.0004565753376981966,0.9960008846599455,C,False,,,1.0,0.07692307692307693,30.0,1.0,7,,,,,,,,,,,,,0,0.0,0.0,7,4.142857142857143,29.0,1.6047619047619046,2.5714285714285716
2026-07-13,2026-07-19,2353,MARQUES DE ATRIO,9,TINTOS,cold_start,stale_observed,True,included_observed_history_conservative,37,HistGradientBoosting Poisson,1.2442730422183697,1,242,0.00045554880254890945,0.9964564334624945,C,False,,,1.0,0.02564102564102564,38.0,1.0,7,,,,,,,,,,,,,0,0.0,0.0,7,4.142857142857143,29.0,1.6047619047619046,2.5714285714285716
2026-07-13,2026-07-19,2357,MUGA CRIANZA,9,TINTOS,cold_start,stale_observed,True,included_observed_history_conservative,38,HistGradientBoosting Poisson,1.2442730422183697,1,243,0.00045554880254890945,0.9969119822650434,C,False,,,1.0,0.02564102564102564,39.0,1.0,7,,,,,,,,,,,,,0,0.0,0.0,7,4.142857142857143,29.0,1.6047619047619046,2.5714285714285716
2026-07-13,2026-07-19,2132,PRIOR SCALA DEI,9,TINTOS,sparse,stale_observed,True,included_observed_history_conservative,8,Historical expanding mean,1.1666666666666667,1,244,0.0004271358334873048,0.9973391180985307,C,False,,,1.1666666666666667,0.15384615384615385,9.0,1.0,7,,,,,,,,,,,,,0,0.0,0.0,7,4.142857142857143,29.0,1.6047619047619046,2.5714285714285716
2026-07-13,2026-07-19,2195,MEDIA DE BERBERECHOS A LA BRASA,22,EXTRAS,sparse,stale_observed,True,included_observed_history_conservative,28,Historical expanding mean,1.1428571428571428,1,245,0.0004184187756610332,0.9977575368741918,C,False,,,1.1428571428571428,0.1794871794871795,29.0,1.0,7,,,,,,,,,,,,,0,0.0,0.0,7,4.142857142857143,29.0,1.6047619047619046,2.5714285714285716
2026-07-13,2026-07-19,1949,MEDIA DE FRITOS,22,EXTRAS,sparse,moderately_recent_observed,False,included_recent_demand_history,4,Historical expanding mean,1.125,1,246,0.0004118809822913296,0.998169417856483,C,False,,,1.125,0.20512820512820512,5.0,1.0,7,,,,,,,,,,,,,0,0.0,0.0,7,4.142857142857143,29.0,1.6047619047619046,2.5714285714285716
2026-07-13,2026-07-19,2040,BOMBAY SAPHIRE,6,LICORES,sparse,stale_observed,True,included_observed_history_conservative,10,Historical expanding mean,1.0,1,247,0.0003661164287034041,0.9985355342851865,C,False,,,1.0,0.1282051282051282,11.0,1.0,7,,,,,,,,,,,,,0,0.0,0.0,7,4.142857142857143,29.0,1.6047619047619046,2.5714285714285716
2026-07-13,2026-07-19,2265,LA VICALANDA BLANCO,8,BLANCOS,sparse,recent_observed,False,included_recent_demand_history,3,Historical expanding mean,1.0,1,248,0.0003661164287034041,0.9989016507138899,C,False,,1.0,1.0,0.10256410256410256,4.0,1.0,7,,,,,,,,,,,,,0,0.0,0.0,7,4.142857142857143,29.0,1.6047619047619046,2.5714285714285716
2026-07-13,2026-07-19,2285,VALDUERO UNA CEPA,9,TINTOS,sparse,stale_observed,True,included_observed_history_conservative,11,Historical expanding mean,1.0,1,249,0.0003661164287034041,0.9992677671425934,C,False,,,1.0,0.15384615384615385,12.0,1.0,7,,,,,,,,,,,,,0,0.0,0.0,7,4.142857142857143,29.0,1.6047619047619046,2.5714285714285716
2026-07-13,2026-07-19,2388,AGUA  RECICLABLE,4,REFRESCOS,sparse,recent_observed,False,included_recent_demand_history,1,Historical expanding mean,1.0,1,250,0.0003661164287034041,0.9996338835712968,C,False,,1.0,1.0,0.20512820512820512,2.0,1.0,7,,,,,,,,,,,,,0,0.0,0.0,7,4.142857142857143,29.0,1.6047619047619046,2.5714285714285716
2026-07-13,2026-07-19,2397,JUEGABOLOS,9,TINTOS,sparse,recent_observed,False,included_recent_demand_history,2,Historical expanding mean,1.0,1,251,0.0003661164287034041,1.0000000000000002,C,False,,1.0,1.0,0.15384615384615385,3.0,1.0,7,,,,,,,,,,,,,0,0.0,0.0,7,4.142857142857143,29.0,1.6047619047619046,2.5714285714285716
