layer,dataset,column,role,dtype,rows,non_null_count,missing_count,missing_fraction,unique_non_null,min,q25,median,mean,q75,max,std
silver,articulos,source_file,categorical_or_text,string,405,405,0,0.0,1,,,,,,,
silver,articulos,article_code,identifier,Int64,405,405,0,0.0,405,1.0,1873.0,2206.0,4312.150617283951,2327.0,34023.0,8335.470123676518
silver,articulos,article_name,categorical_or_text,string,405,405,0,0.0,399,,,,,,,
silver,articulos,article_short_name,categorical_or_text,string,405,18,387,0.9555555555555556,18,,,,,,,
silver,articulos,department_code,identifier,Int64,405,405,0,0.0,22,1.0,6.0,9.0,12.604938271604938,14.0,34.0,9.427785735258443
silver,articulos,quality_repeated_business_key,quality_flag,bool,405,405,0,0.0,1,,,,,,,
silver,articulos,article_code__conflict,boolean,bool,405,405,0,0.0,1,,,,,,,
silver,departamentos,source_file,categorical_or_text,string,23,23,0,0.0,1,,,,,,,
silver,departamentos,department_code,identifier,Int64,23,23,0,0.0,23,1.0,6.5,13.0,15.73913043478261,27.0,34.0,11.152730571904181
silver,departamentos,department_name,categorical_or_text,string,23,23,0,0.0,23,,,,,,,
silver,departamentos,department_short_name,categorical_or_text,string,23,0,23,1.0,0,,,,,,,
silver,departamentos,quality_repeated_business_key,quality_flag,bool,23,23,0,0.0,1,,,,,,,
silver,departamentos,department_code__conflict,boolean,bool,23,23,0,0.0,1,,,,,,,
silver,eventos,source_file,categorical_or_text,string,522,522,0,0.0,1,,,,,,,
silver,eventos,date,datetime,datetime64[ns],522,522,0,0.0,262,,,,,,,
silver,eventos,event_id,identifier,string,522,522,0,0.0,78,,,,,,,
silver,eventos,event_start,datetime,datetime64[ns],522,522,0,0.0,72,,,,,,,
silver,eventos,event_end,datetime,datetime64[ns],522,522,0,0.0,64,,,,,,,
silver,eventos,event_duration_days,numeric,int64,522,522,0,0.0,18,1.0,9.0,31.0,30.333333333333332,44.0,79.0,25.503151737784503
silver,eventos,event_day_number,numeric,int64,522,522,0,0.0,79,1.0,3.0,9.0,15.666666666666666,24.0,79.0,17.133102059476045
silver,eventos,event_name,categorical_or_text,string,522,522,0,0.0,75,,,,,,,
silver,eventos,event_category,categorical_or_text,string,522,522,0,0.0,11,,,,,,,
silver,eventos,event_subcategory,categorical_or_text,string,522,522,0,0.0,38,,,,,,,
silver,eventos,event_scope,categorical_or_text,string,522,522,0,0.0,14,,,,,,,
silver,eventos,event_location,categorical_or_text,string,522,522,0,0.0,28,,,,,,,
silver,eventos,proximity_la_roca,categorical_or_text,string,522,522,0,0.0,4,,,,,,,
silver,eventos,expected_impact,categorical_or_text,string,522,522,0,0.0,7,,,,,,,
silver,eventos,event_intensity,numeric,int64,522,522,0,0.0,7,-2.0,0.0,2.0,1.2183908045977012,2.0,4.0,1.236911086941101
silver,eventos,demand_direction,categorical_or_text,string,522,522,0,0.0,3,,,,,,,
silver,eventos,probable_service_window,categorical_or_text,string,522,522,0,0.0,18,,,,,,,
silver,eventos,customer_segment,categorical_or_text,string,522,522,0,0.0,30,,,,,,,
silver,eventos,date_confidence,categorical_or_text,string,522,522,0,0.0,3,,,,,,,
silver,eventos,is_estimated,numeric,int64,522,522,0,0.0,2,0.0,0.0,0.0,0.23754789272030652,0.0,1.0,0.4259888829676867
silver,eventos,suggested_feature,categorical_or_text,string,522,522,0,0.0,54,,,,,,,
silver,eventos,source_type,categorical_or_text,string,522,522,0,0.0,3,,,,,,,
silver,eventos,source_url,categorical_or_text,string,522,522,0,0.0,30,,,,,,,
silver,eventos,modeling_notes,categorical_or_text,string,522,522,0,0.0,62,,,,,,,
silver,eventos,quality_repeated_business_key,quality_flag,bool,522,522,0,0.0,1,,,,,,,
silver,eventos,event_range__invalid,quality_flag,bool,522,522,0,0.0,1,,,,,,,
silver,eventos,event_duration_days__invalid,quality_flag,bool,522,522,0,0.0,1,,,,,,,
silver,eventos,event_day_number__invalid,quality_flag,bool,522,522,0,0.0,1,,,,,,,
silver,facturas,source_file,categorical_or_text,string,72,72,0,0.0,72,,,,,,,
silver,facturas,ticket_id,identifier,string,72,72,0,0.0,72,,,,,,,
silver,facturas,date,datetime,datetime64[ns],72,72,0,0.0,69,,,,,,,
silver,facturas,time,categorical_or_text,string,72,72,0,0.0,71,,,,,,,
silver,facturas,table,categorical_or_text,string,72,72,0,0.0,23,,,,,,,
silver,facturas,served_by,categorical_or_text,string,72,72,0,0.0,4,,,,,,,
silver,facturas,base,numeric,float64,72,72,0,0.0,72,12.18,52.887499999999996,76.205,92.48388888888888,114.5025,337.27,64.26915407055881
silver,facturas,vat_rate,numeric,float64,72,72,0,0.0,1,10.0,10.0,10.0,10.0,10.0,10.0,0.0
silver,facturas,vat,numeric,float64,72,72,0,0.0,71,1.22,5.2875,7.619999999999999,9.24875,11.4475,33.73,6.427025671247411
silver,facturas,total,numeric,float64,72,72,0,0.0,72,13.4,58.175000000000004,83.825,101.73263888888889,125.95,371.0,70.69617903082106
silver,facturas,cash_tendered,numeric,float64,72,72,0,0.0,69,11.0,57.075,85.825,101.8138888888889,125.95,376.0,73.51947821918544
silver,facturas,cash_amount,numeric,float64,72,72,0,0.0,72,11.0,56.8,83.825,100.0027777777778,125.95,371.0,72.32652236383066
silver,facturas,card_amount,numeric,float64,72,72,0,0.0,5,0.0,0.0,0.0,1.729861111111111,0.0,50.0,8.012233866390446
silver,facturas,change_amount,numeric,float64,72,72,0,0.0,25,0.0,0.0,0.0,1.811111111111111,3.0124999999999993,12.0,3.0542076981660524
silver,facturas,payment_method,categorical_or_text,string,72,72,0,0.0,2,,,,,,,
silver,facturas,raw_text,categorical_or_text,object,72,72,0,0.0,72,,,,,,,
silver,facturas,quality_repeated_business_key,quality_flag,bool,72,72,0,0.0,1,,,,,,,
silver,facturas,base__negative,quality_flag,bool,72,72,0,0.0,1,,,,,,,
silver,facturas,vat__negative,quality_flag,bool,72,72,0,0.0,1,,,,,,,
silver,facturas,total__negative,quality_flag,bool,72,72,0,0.0,1,,,,,,,
silver,facturas,cash_amount__negative,quality_flag,bool,72,72,0,0.0,1,,,,,,,
silver,facturas,card_amount__negative,quality_flag,bool,72,72,0,0.0,1,,,,,,,
silver,facturas,invoice_total_difference,numeric,float64,72,72,0,0.0,8,-5.684341886080802e-14,0.0,0.0,-2.5165055224836883e-15,0.0,1.4210854715202004e-14,9.985368001888859e-15
silver,facturas,invoice_reconciliation__invalid,quality_flag,bool,72,72,0,0.0,1,,,,,,,
silver,facturas,payment_total_difference,numeric,float64,72,72,0,0.0,1,0.0,0.0,0.0,0.0,0.0,0.0,0.0
silver,facturas,payment_reconciliation__invalid,quality_flag,bool,72,72,0,0.0,1,,,,,,,
silver,facturas,pago_tarjeta,boolean,bool,72,72,0,0.0,2,,,,,,,
silver,facturas,base__outlier,quality_flag,bool,72,72,0,0.0,2,,,,,,,
silver,facturas,vat__outlier,quality_flag,bool,72,72,0,0.0,2,,,,,,,
silver,facturas,total__outlier,quality_flag,bool,72,72,0,0.0,2,,,,,,,
silver,facturas,cash_tendered__outlier,quality_flag,bool,72,72,0,0.0,2,,,,,,,
silver,facturas,cash_amount__outlier,quality_flag,bool,72,72,0,0.0,2,,,,,,,
silver,facturas,card_amount__outlier,quality_flag,bool,72,72,0,0.0,1,,,,,,,
silver,facturas,change_amount__outlier,quality_flag,bool,72,72,0,0.0,2,,,,,,,
silver,facturas,invoice_total_difference__outlier,quality_flag,bool,72,72,0,0.0,1,,,,,,,
silver,festivos,source_file,categorical_or_text,string,57,57,0,0.0,1,,,,,,,
silver,festivos,date,datetime,datetime64[ns],57,57,0,0.0,57,,,,,,,
silver,festivos,holiday_name,categorical_or_text,string,57,57,0,0.0,19,,,,,,,
silver,festivos,is_holiday,numeric,Int64,57,57,0,0.0,1,1.0,1.0,1.0,1.0,1.0,1.0,0.0
silver,festivos,day_name,categorical_or_text,string,57,57,0,0.0,7,,,,,,,
silver,festivos,holiday_level,categorical_or_text,string,57,57,0,0.0,3,,,,,,,
silver,festivos,quality_repeated_business_key,quality_flag,bool,57,57,0,0.0,1,,,,,,,
silver,menu,source_file,categorical_or_text,string,405,405,0,0.0,1,,,,,,,
silver,menu,article_code,identifier,Int64,405,405,0,0.0,405,1.0,1873.0,2206.0,4312.150617283951,2327.0,34023.0,8335.470123676518
silver,menu,article_name,categorical_or_text,string,405,405,0,0.0,399,,,,,,,
silver,menu,quality_repeated_business_key,quality_flag,bool,405,405,0,0.0,1,,,,,,,
silver,menu,article_code__conflict,boolean,bool,405,405,0,0.0,1,,,,,,,
silver,meteo_diaria,source_file,categorical_or_text,string,1286,1286,0,0.0,1,,,,,,,
silver,meteo_diaria,date,datetime,datetime64[ns],1286,1286,0,0.0,1286,,,,,,,
silver,meteo_diaria,temperature_mean,numeric,float64,1286,1286,0,0.0,304,-0.4,8.2,13.95,15.168740279937792,21.7,32.2,8.283608274075348
silver,meteo_diaria,temperature_max,numeric,float64,1286,1286,0,0.0,336,3.8,13.025,20.0,21.123639191290824,28.575000000000003,40.1,9.187577527922334
silver,meteo_diaria,temperature_min,numeric,float64,1286,1286,0,0.0,286,-5.5,4.2,8.9,9.70139968895801,15.3,25.3,7.092760461035897
silver,meteo_diaria,precipitation_mm,numeric,float64,1286,1286,0,0.0,143,0.0,0.0,0.0,1.6744945567651635,0.7,77.1,4.747400142192259
silver,meteo_diaria,rain_mm,numeric,float64,1286,1286,0,0.0,142,0.0,0.0,0.0,1.645334370139969,0.7,77.1,4.698063762624087
silver,meteo_diaria,precipitation_hours,numeric,float64,1286,1286,0,0.0,25,0.0,0.0,0.0,2.5948678071539657,3.0,24.0,4.856375017372494
silver,meteo_diaria,wind_speed_max_kmh,numeric,float64,1286,1286,0,0.0,256,4.5,11.6,15.5,16.040279937791603,19.6,40.9,6.002779738657296
silver,meteo_diaria,sunshine_duration_s,numeric,float64,1286,1286,0,0.0,1159,0.0,31210.4375,39580.225,36505.202402799376,46951.0625,53068.03,13351.105927718236
silver,meteo_diaria,sunshine_hours,numeric,float64,1286,1286,0,0.0,1159,0.0,8.669565972222223,10.994506944444444,10.140334000777605,13.041961805555555,14.741119444444443,3.7086405354772882
silver,meteo_diaria,latitude,numeric,float64,1286,1286,0,0.0,1,40.45694,40.45694,40.45694,40.45694000000001,40.45694,40.45694,7.10819157764628e-15
silver,meteo_diaria,longitude,numeric,float64,1286,1286,0,0.0,1,-3.8081665,-3.8081665,-3.8081665,-3.8081665,-3.8081665,-3.8081665,0.0
silver,meteo_diaria,elevation,numeric,float64,1286,1286,0,0.0,1,701.0,701.0,701.0,701.0,701.0,701.0,0.0
silver,meteo_diaria,utc_offset_seconds,numeric,int64,1286,1286,0,0.0,1,7200.0,7200.0,7200.0,7200.0,7200.0,7200.0,0.0
silver,meteo_diaria,timezone,categorical_or_text,string,1286,1286,0,0.0,1,,,,,,,
silver,meteo_diaria,timezone_abbreviation,categorical_or_text,string,1286,1286,0,0.0,1,,,,,,,
silver,meteo_diaria,quality_repeated_business_key,quality_flag,bool,1286,1286,0,0.0,1,,,,,,,
silver,meteo_diaria,temperature_mean__physically_suspicious,boolean,bool,1286,1286,0,0.0,1,,,,,,,
silver,meteo_diaria,temperature_max__physically_suspicious,boolean,bool,1286,1286,0,0.0,1,,,,,,,
silver,meteo_diaria,temperature_min__physically_suspicious,boolean,bool,1286,1286,0,0.0,1,,,,,,,
silver,meteo_diaria,precipitation_mm__negative,quality_flag,bool,1286,1286,0,0.0,1,,,,,,,
silver,meteo_diaria,rain_mm__negative,quality_flag,bool,1286,1286,0,0.0,1,,,,,,,
silver,meteo_diaria,precipitation_hours__negative,quality_flag,bool,1286,1286,0,0.0,1,,,,,,,
silver,meteo_diaria,precipitation_hours__physically_suspicious,boolean,bool,1286,1286,0,0.0,1,,,,,,,
silver,meteo_diaria,wind_speed_max_kmh__negative,quality_flag,bool,1286,1286,0,0.0,1,,,,,,,
silver,meteo_diaria,sunshine_duration_s__negative,quality_flag,bool,1286,1286,0,0.0,1,,,,,,,
silver,meteo_diaria,sunshine_duration_s__physically_suspicious,boolean,bool,1286,1286,0,0.0,1,,,,,,,
silver,meteo_diaria,sunshine_hours__negative,quality_flag,bool,1286,1286,0,0.0,1,,,,,,,
silver,meteo_diaria,sunshine_hours__physically_suspicious,boolean,bool,1286,1286,0,0.0,1,,,,,,,
silver,meteo_horaria,source_file,categorical_or_text,string,30864,30864,0,0.0,1,,,,,,,
silver,meteo_horaria,datetime,datetime,datetime64[ns],30864,30864,0,0.0,30864,,,,,,,
silver,meteo_horaria,temperature_2m,numeric,float64,30864,30864,0,0.0,448,-5.5,8.0,13.9,15.193866640746501,21.7,40.1,9.246390341135152
silver,meteo_horaria,weather_code,identifier,int64,30864,30864,0,0.0,13,0.0,0.0,1.0,6.896286936236392,3.0,75.0,16.26095100257402
silver,meteo_horaria,rain_mm,numeric,float64,30864,30864,0,0.0,80,0.0,0.0,0.0,0.06855559875583205,0.0,15.8,0.40392692216338577
silver,meteo_horaria,latitude,numeric,float64,30864,30864,0,0.0,1,40.45694,40.45694,40.45694,40.45694000000002,40.45694,40.45694,1.4211084938116248e-14
silver,meteo_horaria,longitude,numeric,float64,30864,30864,0,0.0,1,-3.8081665,-3.8081665,-3.8081665,-3.8081664999999996,-3.8081665,-3.8081665,4.440964043161327e-16
silver,meteo_horaria,elevation,numeric,float64,30864,30864,0,0.0,1,701.0,701.0,701.0,701.0,701.0,701.0,0.0
silver,meteo_horaria,utc_offset_seconds,numeric,int64,30864,30864,0,0.0,1,7200.0,7200.0,7200.0,7200.0,7200.0,7200.0,0.0
silver,meteo_horaria,timezone,categorical_or_text,string,30864,30864,0,0.0,1,,,,,,,
silver,meteo_horaria,timezone_abbreviation,categorical_or_text,string,30864,30864,0,0.0,1,,,,,,,
silver,meteo_horaria,quality_repeated_business_key,quality_flag,bool,30864,30864,0,0.0,1,,,,,,,
silver,meteo_horaria,temperature_2m__physically_suspicious,boolean,bool,30864,30864,0,0.0,1,,,,,,,
silver,meteo_horaria,rain_mm__negative,quality_flag,bool,30864,30864,0,0.0,1,,,,,,,
silver,reservas,source_file,categorical_or_text,string,21341,21341,0,0.0,1,,,,,,,
silver,reservas,reservation_datetime,datetime,datetime64[ns],21341,21341,0,0.0,10686,,,,,,,
silver,reservas,created_datetime,datetime,datetime64[ns],21341,21341,0,0.0,21316,,,,,,,
silver,reservas,reservation_date,datetime,datetime64[ns],21341,21341,0,0.0,1152,,,,,,,
silver,reservas,reservation_time,categorical_or_text,string,21341,21341,0,0.0,39,,,,,,,
silver,reservas,status,categorical_or_text,string,21341,21341,0,0.0,11,,,,,,,
silver,reservas,shift,categorical_or_text,string,21341,21341,0,0.0,2,,,,,,,
silver,reservas,people,numeric,Int64,21341,21341,0,0.0,34,1.0,2.0,3.0,3.5383534042453495,4.0,50.0,2.210033541356037
silver,reservas,origin,categorical_or_text,string,21341,21341,0,0.0,6,,,,,,,
silver,reservas,referrer,categorical_or_text,string,21341,6365,14976,0.7017478093810037,4,,,,,,,
silver,reservas,created_date,datetime,datetime64[ns],21341,21341,0,0.0,1330,,,,,,,
silver,reservas,created_time,categorical_or_text,string,21341,21341,0,0.0,17157,,,,,,,
silver,reservas,restaurant,categorical_or_text,string,21341,21341,0,0.0,1,,,,,,,
silver,reservas,reservation_type,categorical_or_text,string,21341,21341,0,0.0,1,,,,,,,
silver,reservas,table,categorical_or_text,string,21341,19895,1446,0.06775689986411133,132,,,,,,,
silver,reservas,zone,categorical_or_text,string,21341,21341,0,0.0,3,,,,,,,
silver,reservas,entered_by,categorical_or_text,string,21341,3067,18274,0.856286022210768,3,,,,,,,
silver,reservas,group,categorical_or_text,string,21341,21341,0,0.0,2,,,,,,,
silver,reservas,reference,identifier,string,21341,2,21339,0.9999062836793028,2,,,,,,,
silver,reservas,reference_code,identifier,string,21341,21341,0,0.0,21341,,,,,,,
silver,reservas,quality_repeated_business_key,quality_flag,bool,21341,21341,0,0.0,1,,,,,,,
silver,reservas,status_grouped,categorical_or_text,object,21341,21341,0,0.0,8,,,,,,,
silver,reservas,people__invalid,quality_flag,boolean,21341,21341,0,0.0,1,,,,,,,
silver,reservas,is_large_group,boolean,boolean,21341,21341,0,0.0,2,,,,,,,
silver,reservas,is_walk_in,boolean,bool,21341,21341,0,0.0,2,,,,,,,
silver,reservas,lead_time_hours_raw,numeric,float64,21341,21341,0,0.0,17304,-22.19388888888889,0.9541666666666667,5.894444444444445,40.212146910745616,32.593333333333334,5020.796666666667,114.08364416132372
silver,reservas,created_after_reservation_time,boolean,bool,21341,21341,0,0.0,2,,,,,,,
silver,reservas,walk_in_created_after_slot,boolean,bool,21341,21341,0,0.0,2,,,,,,,
silver,reservas,lead_time_hours,numeric,float64,21341,21303,38,0.0017806100932477391,16376,0.0,0.9641666666666666,5.932222222222222,40.30706573669853,32.69680555555556,5020.796666666667,114.16437551280778
silver,reservas,lead_time__invalid,quality_flag,bool,21341,21341,0,0.0,2,,,,,,,
silver,reservas,zone__imputed,quality_flag,bool,21341,21341,0,0.0,2,,,,,,,
silver,reservas,people__outlier,quality_flag,bool,21341,21341,0,0.0,2,,,,,,,
silver,tickets,source_file,categorical_or_text,string,6709,6709,0,0.0,1,,,,,,,
silver,tickets,report_start,datetime,datetime64[us],6709,6709,0,0.0,1,,,,,,,
silver,tickets,report_end,datetime,datetime64[us],6709,6709,0,0.0,1,,,,,,,
silver,tickets,report_generated_on,datetime,datetime64[us],6709,6709,0,0.0,1,,,,,,,
silver,tickets,terminal_start,categorical_or_text,string,6709,6709,0,0.0,1,,,,,,,
silver,tickets,terminal_end,categorical_or_text,string,6709,6709,0,0.0,1,,,,,,,
silver,tickets,turn,categorical_or_text,string,6709,6709,0,0.0,1,,,,,,,
silver,tickets,date,datetime,datetime64[ns],6709,6709,0,0.0,242,,,,,,,
silver,tickets,document_id,identifier,string,6709,6709,0,0.0,6709,,,,,,,
silver,tickets,document_total,numeric,float64,6709,6709,0,0.0,2669,1.0,49.7,80.0,100.98260247428827,126.35,3821.65,98.40294603348062
silver,tickets,receipt_count,numeric,Int64,6709,6709,0,0.0,5,1.0,1.0,1.0,1.077507825309286,1.0,5.0,0.29346284752932456
silver,tickets,quality_repeated_business_key,quality_flag,bool,6709,6709,0,0.0,1,,,,,,,
silver,tickets,day_of_week,categorical_or_text,object,6709,6709,0,0.0,7,,,,,,,
silver,tickets,week_of_year,numeric,Int64,6709,6709,0,0.0,41,1.0,12.0,21.0,24.496944403040693,42.0,52.0,15.795414158285386
silver,tickets,document_total__negative,quality_flag,bool,6709,6709,0,0.0,1,,,,,,,
silver,tickets,receipt_count__negative,quality_flag,boolean,6709,6709,0,0.0,1,,,,,,,
silver,tickets,document_total__outlier,quality_flag,bool,6709,6709,0,0.0,2,,,,,,,
silver,tickets,receipt_count__outlier,quality_flag,bool,6709,6709,0,0.0,1,,,,,,,
silver,tickets,week_of_year__outlier,quality_flag,bool,6709,6709,0,0.0,1,,,,,,,
silver,tips,source_file,categorical_or_text,string,1697,1697,0,0.0,1,,,,,,,
silver,tips,report_start,datetime,datetime64[us],1697,1697,0,0.0,1,,,,,,,
silver,tips,report_end,datetime,datetime64[us],1697,1697,0,0.0,1,,,,,,,
silver,tips,report_generated_on,datetime,datetime64[us],1697,1697,0,0.0,1,,,,,,,
silver,tips,terminal_start,categorical_or_text,string,1697,1697,0,0.0,1,,,,,,,
silver,tips,terminal_end,categorical_or_text,string,1697,1697,0,0.0,1,,,,,,,
silver,tips,turn,categorical_or_text,string,1697,1697,0,0.0,1,,,,,,,
silver,tips,document_id,identifier,string,1697,1697,0,0.0,1697,,,,,,,
silver,tips,document_amount,numeric,float64,1697,1697,0,0.0,1372,2.35,71.25,103.15,129.00147318797877,161.4,1365.0,95.73955031996937
silver,tips,tip,numeric,float64,1697,1697,0,0.0,299,0.01,2.3,3.85,4.929357690041249,6.0,70.0,4.789187839814268
silver,tips,document_total,numeric,float64,1697,1697,0,0.0,365,3.0,75.0,107.0,133.93083087802003,166.0,1435.0,98.67962175804888
silver,tips,quality_repeated_business_key,quality_flag,bool,1697,1697,0,0.0,1,,,,,,,
silver,tips,tip__negative,quality_flag,bool,1697,1697,0,0.0,1,,,,,,,
silver,tips,tip_reconciliation_difference,numeric,float64,1697,1697,0,0.0,9,-1.1368683772161603e-13,0.0,0.0,0.0,0.0,5.684341886080802e-14,3.3897754665737527e-15
silver,tips,tip_reconciliation__invalid,quality_flag,bool,1697,1697,0,0.0,1,,,,,,,
silver,tips,tip_ratio,numeric,float64,1697,1697,0,0.0,1393,6.30715862503942e-05,0.02205486820871436,0.037604456824512536,0.04482189593241394,0.056338028169014086,1.694915254237288,0.05105012923605571
silver,tips,document_amount__outlier,quality_flag,bool,1697,1697,0,0.0,2,,,,,,,
silver,tips,tip__outlier,quality_flag,bool,1697,1697,0,0.0,2,,,,,,,
silver,tips,document_total__outlier,quality_flag,bool,1697,1697,0,0.0,2,,,,,,,
silver,tips,tip_reconciliation_difference__outlier,quality_flag,bool,1697,1697,0,0.0,1,,,,,,,
silver,tips,tip_ratio__outlier,quality_flag,bool,1697,1697,0,0.0,2,,,,,,,
silver,total_articles,source_file,categorical_or_text,string,251,251,0,0.0,1,,,,,,,
silver,total_articles,report_start,datetime,datetime64[us],251,251,0,0.0,1,,,,,,,
silver,total_articles,report_end,datetime,datetime64[us],251,251,0,0.0,1,,,,,,,
silver,total_articles,report_generated_on,datetime,datetime64[us],251,251,0,0.0,1,,,,,,,
silver,total_articles,terminal_start,categorical_or_text,string,251,251,0,0.0,1,,,,,,,
silver,total_articles,terminal_end,categorical_or_text,string,251,251,0,0.0,1,,,,,,,
silver,total_articles,turn,categorical_or_text,string,251,251,0,0.0,1,,,,,,,
silver,total_articles,department_code,identifier,int64,251,251,0,0.0,18,1.0,5.0,8.0,9.717131474103585,13.0,32.0,7.391053060196864
silver,total_articles,department_name,categorical_or_text,string,251,251,0,0.0,18,,,,,,,
silver,total_articles,article_code,identifier,int64,251,251,0,0.0,251,1.0,1848.5,2182.0,3324.9003984063743,2318.5,34018.0,6537.63849735054
silver,total_articles,article_name,categorical_or_text,string,251,251,0,0.0,251,,,,,,,
silver,total_articles,units,numeric,float64,251,251,0,0.0,161,1.0,10.5,56.0,388.72908366533864,404.0,15332.0,1153.7616314953261
silver,total_articles,amount,numeric,float64,251,251,0,0.0,242,3.45454,95.68185,463.63608999999997,2450.652264103586,2718.559555,34940.90932,4605.584584591313
silver,total_articles,quality_repeated_business_key,quality_flag,bool,251,251,0,0.0,1,,,,,,,
silver,total_articles,units__negative,quality_flag,bool,251,251,0,0.0,1,,,,,,,
silver,total_articles,amount__negative,quality_flag,bool,251,251,0,0.0,1,,,,,,,
silver,total_articles,es_invitacion,boolean,bool,251,251,0,0.0,1,,,,,,,
silver,total_articles,report_days,numeric,int64,251,251,0,0.0,1,282.0,282.0,282.0,282.0,282.0,282.0,0.0
silver,total_articles,period__invalid,quality_flag,bool,251,251,0,0.0,1,,,,,,,
silver,total_articles,units__outlier,quality_flag,bool,251,251,0,0.0,2,,,,,,,
silver,total_articles,amount__outlier,quality_flag,bool,251,251,0,0.0,2,,,,,,,
silver,ventas,source_file,categorical_or_text,string,5532,5532,0,0.0,41,,,,,,,
silver,ventas,report_start,datetime,datetime64[us],5532,5532,0,0.0,41,,,,,,,
silver,ventas,report_end,datetime,datetime64[us],5532,5532,0,0.0,41,,,,,,,
silver,ventas,report_generated_on,datetime,datetime64[us],5532,5532,0,0.0,1,,,,,,,
silver,ventas,terminal_start,categorical_or_text,string,5532,5532,0,0.0,1,,,,,,,
silver,ventas,terminal_end,categorical_or_text,string,5532,5532,0,0.0,1,,,,,,,
silver,ventas,turn,categorical_or_text,string,5532,5532,0,0.0,1,,,,,,,
silver,ventas,department_code,identifier,int64,5532,5532,0,0.0,18,1.0,3.0,6.0,9.27819956616052,13.0,32.0,7.611580055635744
silver,ventas,department_name,categorical_or_text,string,5532,5532,0,0.0,18,,,,,,,
silver,ventas,article_code,identifier,int64,5532,5532,0,0.0,251,1.0,1701.0,2047.0,2357.0809833694866,2298.0,34018.0,4183.72012593539
silver,ventas,article_name,categorical_or_text,string,5532,5532,0,0.0,251,,,,,,,
silver,ventas,units,numeric,float64,5532,5532,0,0.0,181,1.0,2.0,8.0,17.637563268257413,19.0,505.0,37.94818550239311
silver,ventas,amount,numeric,float64,5532,5532,0,0.0,2610,-3e-05,20.0,60.0,111.19192304591468,143.28416,3852.72728,170.77658144963783
silver,ventas,quality_repeated_business_key,quality_flag,bool,5532,5532,0,0.0,1,,,,,,,
silver,ventas,units__negative,quality_flag,bool,5532,5532,0,0.0,1,,,,,,,
silver,ventas,amount__negative,quality_flag,bool,5532,5532,0,0.0,2,,,,,,,
silver,ventas,es_invitacion,boolean,bool,5532,5532,0,0.0,2,,,,,,,
silver,ventas,report_days,numeric,int64,5532,5532,0,0.0,3,4.0,7.0,7.0,6.904374548083876,7.0,7.0,0.482268140541142
silver,ventas,period__invalid,quality_flag,bool,5532,5532,0,0.0,1,,,,,,,
silver,ventas,units__outlier,quality_flag,bool,5532,5532,0,0.0,2,,,,,,,
silver,ventas,amount__outlier,quality_flag,bool,5532,5532,0,0.0,2,,,,,,,
gold,tabla_maestra_diaria,date,datetime,datetime64[ns],281,281,0,0.0,281,,,,,,,
gold,tabla_maestra_diaria,num_tickets,numeric,float64,281,281,0,0.0,49,0.0,16.0,23.0,23.87544483985765,33.0,58.0,14.230078878583086
gold,tabla_maestra_diaria,num_tickets_unicos,numeric,float64,281,281,0,0.0,49,0.0,16.0,23.0,23.87544483985765,33.0,58.0,14.230078878583086
gold,tabla_maestra_diaria,facturacion_tickets,numeric,float64,281,242,39,0.1387900355871886,242,637.9,1746.55,2440.925,2799.554876033058,3816.2875,6785.2,1346.6596391111527
gold,tabla_maestra_diaria,ticket_medio,numeric,float64,281,242,39,0.1387900355871886,242,42.254000000000005,77.70859375,98.03854166666667,102.20399041812153,117.85669642857144,294.03076923076924,33.45012532237553
gold,tabla_maestra_diaria,ticket_mediano,numeric,float64,281,242,39,0.1387900355871886,215,19.9,67.425,80.0,83.71289256198347,96.07499999999999,180.0,25.788270330115484
gold,tabla_maestra_diaria,ticket_maximo,numeric,float64,281,242,39,0.1387900355871886,210,112.4,223.91250000000002,300.0,362.82954545454544,400.0,3821.65,300.22779476798087
gold,tabla_maestra_diaria,ticket_minimo,numeric,float64,281,242,39,0.1387900355871886,116,1.0,3.5,7.625,12.697933884297521,16.125,67.0,14.153960630246981
gold,tabla_maestra_diaria,num_comprobantes,numeric,float64,281,281,0,0.0,52,0.0,17.0,25.0,25.725978647686834,36.0,69.0,15.391544566030852
gold,tabla_maestra_diaria,num_facturas_pdf,numeric,float64,281,281,0,0.0,3,0.0,0.0,0.0,0.25622775800711745,0.0,2.0,0.461177070980518
gold,tabla_maestra_diaria,num_facturas_pdf_unicas,numeric,float64,281,281,0,0.0,3,0.0,0.0,0.0,0.25622775800711745,0.0,2.0,0.461177070980518
gold,tabla_maestra_diaria,facturacion_facturas_pdf,numeric,float64,281,69,212,0.7544483985765125,69,13.4,60.15,84.7,106.15579710144927,131.8,429.2,77.01502218638902
gold,tabla_maestra_diaria,base_facturas_pdf,numeric,float64,281,69,212,0.7544483985765125,69,12.18,54.68,77.0,96.50492753623188,119.82,390.17999999999995,70.0135610944553
gold,tabla_maestra_diaria,iva_facturas_pdf,numeric,float64,281,69,212,0.7544483985765125,68,1.22,5.47,7.7,9.650869565217391,11.98,39.019999999999996,7.001461767359398
gold,tabla_maestra_diaria,efectivo_facturas_pdf,numeric,float64,281,69,212,0.7544483985765125,69,11.0,58.1,84.7,104.35072463768114,131.8,429.2,78.6819054301193
gold,tabla_maestra_diaria,tarjeta_facturas_pdf,numeric,float64,281,69,212,0.7544483985765125,5,0.0,0.0,0.0,1.805072463768116,0.0,50.0,8.17864932455742
gold,tabla_maestra_diaria,facturas_pdf_no_reconciliadas,numeric,float64,281,281,0,0.0,1,0.0,0.0,0.0,0.0,0.0,0.0,0.0
gold,tabla_maestra_diaria,pagos_pdf_no_reconciliados,numeric,float64,281,281,0,0.0,1,0.0,0.0,0.0,0.0,0.0,0.0,0.0
gold,tabla_maestra_diaria,reservas_total,numeric,float64,281,281,0,0.0,45,0.0,14.0,20.0,21.83629893238434,31.0,57.0,13.75506007554125
gold,tabla_maestra_diaria,comensales_reservados_total,numeric,float64,281,281,0,0.0,121,0.0,44.0,66.0,73.14946619217082,106.0,275.0,48.056578352274705
gold,tabla_maestra_diaria,tamano_grupo_medio,numeric,float64,281,242,39,0.1387900355871886,187,2.0625,2.9215587044534415,3.25,3.3649410330211182,3.724025974025974,7.1875,0.725355165594962
gold,tabla_maestra_diaria,tamano_grupo_mediano,numeric,float64,281,242,39,0.1387900355871886,8,2.0,2.0,2.5,2.6673553719008263,3.0,6.0,0.7511322226648114
gold,tabla_maestra_diaria,tamano_grupo_maximo,numeric,float64,281,242,39,0.1387900355871886,27,3.0,6.0,8.0,9.487603305785123,10.0,50.0,5.940389501290549
gold,tabla_maestra_diaria,reservas_completed,numeric,float64,281,281,0,0.0,37,0.0,12.0,17.0,17.97153024911032,26.0,43.0,10.900486922609218
gold,tabla_maestra_diaria,comensales_completed,numeric,float64,281,281,0,0.0,105,0.0,35.0,56.0,59.5729537366548,88.0,156.0,37.30237231293543
gold,tabla_maestra_diaria,reservas_cancelled,numeric,float64,281,281,0,0.0,12,0.0,0.0,2.0,2.5409252669039146,4.0,13.0,2.4609662442035454
gold,tabla_maestra_diaria,comensales_cancelled,numeric,float64,281,281,0,0.0,41,0.0,0.0,7.0,9.95373665480427,15.0,116.0,11.74892070673978
gold,tabla_maestra_diaria,reservas_no_show,numeric,float64,281,281,0,0.0,6,0.0,0.0,0.0,0.40213523131672596,1.0,6.0,0.7642893965293371
gold,tabla_maestra_diaria,comensales_no_show,numeric,float64,281,281,0,0.0,12,0.0,0.0,0.0,1.2028469750889679,2.0,20.0,2.511002732560902
gold,tabla_maestra_diaria,reservas_pending,numeric,float64,281,281,0,0.0,3,0.0,0.0,0.0,0.08540925266903915,0.0,2.0,0.30443259831050024
gold,tabla_maestra_diaria,comensales_pending,numeric,float64,281,281,0,0.0,6,0.0,0.0,0.0,0.199288256227758,0.0,7.0,0.7719175049632792
gold,tabla_maestra_diaria,no_show_rate,numeric,float64,281,242,39,0.1387900355871886,41,0.0,0.0,0.0,0.01757549421954327,0.031013257575757576,0.15384615384615385,0.02888654204388474
gold,tabla_maestra_diaria,cancel_rate,numeric,float64,281,242,39,0.1387900355871886,92,0.0,0.058823529411764705,0.10714285714285714,0.11083177935308626,0.15789473684210525,0.3333333333333333,0.07267624563791925
gold,tabla_maestra_diaria,lead_time_horas_medio,numeric,float64,281,242,39,0.1387900355871886,242,0.319375,15.703652777777778,27.355189814814818,37.30405697950368,39.74074239417989,704.8979513888888,61.400808484236656
gold,tabla_maestra_diaria,lead_time_horas_mediano,numeric,float64,281,242,39,0.1387900355871886,217,0.0,1.0547222222222223,2.2640972222222224,9.873674816345272,6.531493055555556,607.5375,54.667171418450955
gold,tabla_maestra_diaria,reservas_walk_in,numeric,float64,281,281,0,0.0,21,0.0,3.0,6.0,6.473309608540926,9.0,21.0,4.551314496958958
gold,tabla_maestra_diaria,reservas_grupo_grande,numeric,float64,281,281,0,0.0,8,0.0,0.0,1.0,0.8683274021352313,1.0,8.0,1.1651611076201982
gold,tabla_maestra_diaria,reservas_turno_cena,numeric,float64,281,281,0,0.0,32,0.0,0.0,8.0,9.398576512455517,15.0,36.0,8.929757521624975
gold,tabla_maestra_diaria,reservas_turno_comida,numeric,float64,281,281,0,0.0,27,0.0,7.0,13.0,12.437722419928825,18.0,33.0,7.440996511208494
gold,tabla_maestra_diaria,temperature_mean,numeric,float64,281,281,0,0.0,175,-0.4,7.4,11.2,13.414590747330958,18.4,32.2,7.85894171763602
gold,tabla_maestra_diaria,temperature_max,numeric,float64,281,281,0,0.0,182,4.2,11.0,17.1,18.76120996441281,25.1,39.1,9.014303552175148
gold,tabla_maestra_diaria,temperature_min,numeric,float64,281,281,0,0.0,171,-3.6,3.9,6.8,8.499644128113879,12.9,24.4,6.467967765516464
gold,tabla_maestra_diaria,precipitation_mm,numeric,float64,281,281,0,0.0,70,0.0,0.0,0.0,2.0014234875444843,1.2,24.5,4.293441605936806
gold,tabla_maestra_diaria,rain_mm,numeric,float64,281,281,0,0.0,72,0.0,0.0,0.0,1.9288256227758007,1.2,24.5,4.1433149739134505
gold,tabla_maestra_diaria,precipitation_hours,numeric,float64,281,281,0,0.0,24,0.0,0.0,0.0,3.192170818505338,5.0,23.0,5.200831930635408
gold,tabla_maestra_diaria,wind_speed_max_kmh,numeric,float64,281,281,0,0.0,150,5.0,11.4,14.3,15.158362989323843,18.5,37.8,5.595981608955499
gold,tabla_maestra_diaria,sunshine_duration_s,numeric,float64,281,281,0,0.0,259,0.0,25828.99,36000.0,33847.577651245556,46179.78,53068.03,14806.577320708046
gold,tabla_maestra_diaria,sunshine_hours,numeric,float64,281,281,0,0.0,259,0.0,7.174719444444445,10.0,9.402104903123764,12.827716666666666,14.741119444444443,4.112938144641124
gold,tabla_maestra_diaria,latitude,numeric,float64,281,281,0,0.0,1,40.45694,40.45694,40.45694,40.45694,40.45694,40.45694,0.0
gold,tabla_maestra_diaria,longitude,numeric,float64,281,281,0,0.0,1,-3.8081665,-3.8081665,-3.8081665,-3.8081664999999996,-3.8081665,-3.8081665,4.448815195073855e-16
gold,tabla_maestra_diaria,elevation,numeric,float64,281,281,0,0.0,1,701.0,701.0,701.0,701.0,701.0,701.0,0.0
gold,tabla_maestra_diaria,utc_offset_seconds,numeric,float64,281,281,0,0.0,1,7200.0,7200.0,7200.0,7200.0,7200.0,7200.0,0.0
gold,tabla_maestra_diaria,es_festivo,boolean,bool,281,281,0,0.0,2,,,,,,,
gold,tabla_maestra_diaria,num_festivos,numeric,float64,281,281,0,0.0,2,0.0,0.0,0.0,0.042704626334519574,0.0,1.0,0.2025510912971427
gold,tabla_maestra_diaria,festivo_nombre,categorical_or_text,object,281,12,269,0.9572953736654805,12,,,,,,,
gold,tabla_maestra_diaria,tiene_evento,boolean,bool,281,281,0,0.0,2,,,,,,,
gold,tabla_maestra_diaria,num_eventos,numeric,float64,281,281,0,0.0,6,0.0,0.0,1.0,1.2241992882562278,2.0,5.0,1.2201806728628604
gold,tabla_maestra_diaria,eventos_nombres,categorical_or_text,object,281,180,101,0.3594306049822064,64,,,,,,,
gold,tabla_maestra_diaria,eventos_categorias,categorical_or_text,object,281,180,101,0.3594306049822064,35,,,,,,,
gold,tabla_maestra_diaria,event_intensity_mean,numeric,float64,281,180,101,0.3594306049822064,13,0.0,1.0,2.0,1.6035185185185186,2.0,3.0,0.6567322866779632
gold,tabla_maestra_diaria,event_intensity_max,numeric,float64,281,180,101,0.3594306049822064,4,0.0,2.0,2.0,1.95,2.0,3.0,0.719054313765832
gold,tabla_maestra_diaria,year,numeric,Int64,281,281,0,0.0,2,2025.0,2025.0,2026.0,2025.6761565836298,2026.0,2026.0,0.4687759482734959
gold,tabla_maestra_diaria,month,numeric,Int64,281,281,0,0.0,10,1.0,3.0,5.0,6.049822064056939,10.0,12.0,3.7830932596332945
gold,tabla_maestra_diaria,quarter,numeric,Int64,281,281,0,0.0,4,1.0,1.0,2.0,2.3594306049822062,4.0,4.0,1.2344714150726288
gold,tabla_maestra_diaria,day_of_month,numeric,Int64,281,281,0,0.0,31,1.0,8.0,15.0,15.391459074733095,23.0,31.0,8.83882254233709
gold,tabla_maestra_diaria,day_of_week_num,numeric,Int64,281,281,0,0.0,7,0.0,1.0,3.0,3.0,5.0,6.0,2.0
gold,tabla_maestra_diaria,day_of_week,categorical_or_text,object,281,281,0,0.0,7,,,,,,,
gold,tabla_maestra_diaria,week_of_year,numeric,Int64,281,281,0,0.0,41,1.0,11.0,21.0,24.284697508896798,42.0,52.0,16.36167387953675
gold,tabla_maestra_diaria,is_weekend,boolean,bool,281,281,0,0.0,2,,,,,,,
gold,tabla_maestra_diaria,is_month_start,boolean,bool,281,281,0,0.0,2,,,,,,,
gold,tabla_maestra_diaria,is_month_end,boolean,bool,281,281,0,0.0,2,,,,,,,
gold,tabla_maestra_diaria,week_sin,numeric,Float64,281,281,0,0.0,36,-0.992708874098054,-0.2393156642875578,0.3546048870425356,0.2225587362315197,0.8229838658936564,1.0,0.6449135517096692
gold,tabla_maestra_diaria,week_cos,numeric,Float64,281,281,0,0.0,36,-1.0,-0.5680647467311557,0.35460488704253557,0.1536212037314726,0.8229838658936564,1.0,0.7171226456126766
gold,tabla_maestra_diaria,facturacion,numeric,float64,281,242,39,0.1387900355871886,242,637.9,1746.55,2440.925,2799.554876033058,3816.2875,6785.2,1346.6596391111527
gold,tabla_maestra_diaria,facturacion_source,categorical_or_text,object,281,242,39,0.1387900355871886,1,,,,,,,
gold,tabla_maestra_semanal_articulos,report_start,datetime,datetime64[us],5512,5512,0,0.0,41,,,,,,,
gold,tabla_maestra_semanal_articulos,report_end,datetime,datetime64[us],5512,5512,0,0.0,41,,,,,,,
gold,tabla_maestra_semanal_articulos,article_code,identifier,int64,5512,5512,0,0.0,251,1.0,1701.0,2047.0,2358.4589985486214,2301.0,34018.0,4191.221219391465
gold,tabla_maestra_semanal_articulos,units,numeric,float64,5512,5512,0,0.0,181,1.0,2.0,8.0,17.695029027576197,19.0,505.0,38.00491412083133
gold,tabla_maestra_semanal_articulos,period_days,numeric,int64,5512,5512,0,0.0,3,4.0,7.0,7.0,6.90511611030479,7.0,7.0,0.4799322000612914
gold,tabla_maestra_semanal_articulos,period_is_complete,boolean,bool,5512,5512,0,0.0,2,,,,,,,
gold,tabla_maestra_semanal_articulos,period_is_complete_week,boolean,bool,5512,5512,0,0.0,2,,,,,,,
gold,tabla_maestra_semanal_articulos,amount,numeric,float64,5512,5512,0,0.0,2609,-3e-05,20.454539999999998,60.90918,111.59537704825834,144.54546,3852.72728,170.9545277446585
gold,tabla_maestra_semanal_articulos,es_invitacion,boolean,bool,5512,5512,0,0.0,1,,,,,,,
gold,tabla_maestra_semanal_articulos,article_name,categorical_or_text,string,5512,5512,0,0.0,251,,,,,,,
gold,tabla_maestra_semanal_articulos,department_code,identifier,int64,5512,5512,0,0.0,18,1.0,3.0,6.0,9.283925979680697,13.0,32.0,7.622068445585176
gold,tabla_maestra_semanal_articulos,department_name,categorical_or_text,string,5512,5512,0,0.0,18,,,,,,,
gold,tabla_maestra_semanal_articulos,quality_repeated_business_key,quality_flag,bool,5512,5512,0,0.0,1,,,,,,,
gold,tabla_maestra_semanal_articulos,units__negative,quality_flag,bool,5512,5512,0,0.0,1,,,,,,,
gold,tabla_maestra_semanal_articulos,amount__negative,quality_flag,bool,5512,5512,0,0.0,2,,,,,,,
gold,tabla_maestra_semanal_articulos,period__invalid,quality_flag,bool,5512,5512,0,0.0,1,,,,,,,
gold,tabla_maestra_semanal_articulos,units__outlier,quality_flag,bool,5512,5512,0,0.0,2,,,,,,,
gold,tabla_maestra_semanal_articulos,amount__outlier,quality_flag,bool,5512,5512,0,0.0,2,,,,,,,
gold,tabla_maestra_semanal_articulos,article_name__master_conflict__articles_master,boolean,bool,5512,5512,0,0.0,1,,,,,,,
gold,tabla_maestra_semanal_articulos,article_name__articles_master,categorical_or_text,object,5512,5512,0,0.0,251,,,,,,,
gold,tabla_maestra_semanal_articulos,department_code__master_conflict__articles_master,boolean,bool,5512,5512,0,0.0,1,,,,,,,
gold,tabla_maestra_semanal_articulos,department_code__articles_master,numeric,int64,5512,5512,0,0.0,18,1.0,4.0,6.0,9.792089985486212,14.0,32.0,8.139075724086752
gold,tabla_maestra_semanal_articulos,department_name__master_conflict__departments_master,boolean,bool,5512,5512,0,0.0,1,,,,,,,
gold,tabla_maestra_semanal_articulos,department_name__departments_master,categorical_or_text,object,5512,5512,0,0.0,18,,,,,,,
gold,tabla_maestra_semanal_articulos,period_id,identifier,object,5512,5512,0,0.0,41,,,,,,,
