article_code,units_total,units_mean_observed_period,units_median_observed_period,units_std_observed_period,amount_total,periods_observed,article_name,article_name_mode,article_name_values,article_name_changed,department_code,department_code_mode,departments_observed,department_changed,department_name,department_name_mode,period_coverage_fraction,units_share,units_cumulative_share
96,15332.0,373.9512195121951,371.0,66.81614745685064,25064.183250000002,41,RACIÓN DE PAN,RACIÓN DE PAN,1,False,15,15,1,False,OTROS,OTROS,1.0,0.15719485312964576,0.15719485312964576
1637,5304.0,129.3658536585366,135.0,30.726011860930612,23132.52008,41,COPA DE VICTORIA,COPA DE VICTORIA,1,False,5,5,1,False,CERVEZAS,CERVEZAS,1.0,0.05438047880248116,0.2115753319321269
1690,4575.0,111.58536585365853,115.0,25.478398310879058,9409.41145,41,CAFÉ E INFUSIONES,CAFÉ E INFUSIONES,1,False,13,13,1,False,POSTRES,POSTRES,1.0,0.04690623878607679,0.2584815707182037
2138,3128.0,76.29268292682927,81.0,19.892516058104643,15478.50136,41,SAM DE GAMBAS,SAM DE GAMBAS,1,False,28,28,1,False,CLASICOS,CLASICOS,1.0,0.032070538780950425,0.2905521094991541
1945,2806.0,68.4390243902439,64.0,36.621065509135455,4072.58132,41,EXTRA CROQUETA DE JAMON,EXTRA CROQUETA DE JAMON,1,False,22,22,1,False,EXTRAS,EXTRAS,1.0,0.028769159788793765,0.31932126928794785
2309,2733.0,66.65853658536585,70.0,16.202792592787148,7404.81279,41,AGUA 70CL,AGUA 70CL,1,False,4,4,1,False,REFRESCOS,REFRESCOS,1.0,0.028020710514174398,0.3473419798021222
2,2455.0,59.8780487804878,56.0,17.97386313783325,14722.79983,41,RAVIOLI DE RABO DE TERNERA,RAVIOLI DE RABO DE TERNERA,1,False,28,28,1,False,CLASICOS,CLASICOS,1.0,0.02517045163274722,0.37251243143486945
1691,2060.0,50.24390243902439,44.0,22.927909289558954,5907.1979599999995,41,CERVEZA VICTORIA,CERVEZA VICTORIA,1,False,5,5,1,False,CERVEZAS,CERVEZAS,1.0,0.02112062336597119,0.39363305480084065
2381,2041.0,49.78048780487805,50.0,15.122023996677745,12612.76485,41,PAN BAO DE CARRILLERA DE CERDO,PAN BAO DE CARRILLERA DE CERDO,1,False,1,1,1,False,TAPAS CALIENTES,TAPAS CALIENTES,1.0,0.020925821499974368,0.414558876300815
1974,1917.0,53.25,53.0,23.035841638629137,6446.74602,36,ZAMBURIÑAS A LA BRASA,ZAMBURIÑAS A LA BRASA,1,False,3,14,2,True,CARTA,SUGERENCIAS,0.8780487804878049,0.019654483006100374,0.4342133593069154
30001,1892.0,49.78947368421053,48.0,23.672492754862517,34940.90932,38,MENU DEL DIA,MENU DEL DIA,1,False,30,30,1,False,MENU DEL DIA,MENU DEL DIA,0.926829268292683,0.019398164761367714,0.4536115240682831
48,1774.0,43.26829268292683,42.0,11.584525001578404,5609.54774,41,AGUA CRISTAL,AGUA CRISTAL,1,False,4,4,1,False,REFRESCOS,REFRESCOS,1.0,0.01818834264622956,0.47179986671451263
2280,1516.0,36.97560975609756,37.0,11.507579686619705,5051.45649,41,LEGARIS ROBLE,LEGARIS ROBLE,1,False,9,9,1,False,TINTOS,TINTOS,1.0,0.015543138360588507,0.48734300507510114
49,1419.0,34.609756097560975,34.0,11.266938467881344,4478.72941,41,AGUA CON GAS,AGUA CON GAS,1,False,4,4,1,False,REFRESCOS,REFRESCOS,1.0,0.014548623571025786,0.5018916286461269
37,1399.0,34.1219512195122,32.0,9.952876774961146,3687.77486,41,COCA COLA ZERO,COCA COLA ZERO,1,False,4,4,1,False,REFRESCOS,REFRESCOS,1.0,0.014343568975239657,0.5162351976213666
1901,1359.0,33.146341463414636,32.0,9.048649003054976,5425.5999,41,EMPANADILLA CRIOLLA,EMPANADILLA CRIOLLA,1,False,1,1,1,False,TAPAS CALIENTES,TAPAS CALIENTES,1.0,0.013933459783667402,0.530168657405034
2303,1188.0,28.975609756097562,27.0,10.463001015191695,7668.00162,41,BOCATIN DE CALAMARES,BOCATIN DE CALAMARES,1,False,1,1,1,False,TAPAS CALIENTES,TAPAS CALIENTES,1.0,0.012180242989696007,0.54234890039473
10,1136.0,27.70731707317073,28.0,10.181463309463489,7152.8173799999995,41,KIMUCHI DE MARISCOS,KIMUCHI DE MARISCOS,1,False,28,28,1,False,CLASICOS,CLASICOS,1.0,0.011647101040652074,0.5539960014353821
1523,1126.0,27.463414634146343,23.0,18.326343826545994,3878.42125,41,TINTO DE VERANO,TINTO DE VERANO,1,False,5,5,1,False,CERVEZAS,CERVEZAS,1.0,0.01154457374275901,0.565540575178141
1801,1097.0,26.75609756097561,27.0,6.992068677454756,7324.08862,41,TARTA ARABE,TARTA ARABE,1,False,13,13,1,False,POSTRES,POSTRES,1.0,0.011247244578869125,0.5767878197570102
2237,1090.0,26.585365853658537,27.0,7.851673737987643,6736.32825,41,YEMA DE HUEVO DE CORRAL,YEMA DE HUEVO DE CORRAL,1,False,28,28,1,False,CLASICOS,CLASICOS,1.0,0.01117547547034398,0.5879632952273542
1,1087.0,26.51219512195122,28.0,9.27125113245109,6613.45818,41,NUESTRAS CROQUETAS DE JAMON,NUESTRAS CROQUETAS DE JAMON,1,False,28,28,1,False,CLASICOS,CLASICOS,1.0,0.01114471728097606,0.5991080125083303
1848,992.0,24.195121951219512,24.0,10.320415476605392,5448.61658,41,VIÑA POMAL CRIANZA,VIÑA POMAL CRIANZA,1,False,9,9,1,False,TINTOS,TINTOS,1.0,0.010170707950991951,0.6092787204593223
2391,987.0,24.073170731707318,22.0,9.226023639419202,4751.76199,41,CONDE DEL PAZO,CONDE DEL PAZO,1,False,8,8,1,False,BLANCOS,BLANCOS,1.0,0.01011944430204542,0.6193981647613677
1504,966.0,23.5609756097561,23.0,8.53829251222926,6909.09213,41,TORRIJA,TORRIJA,1,False,13,13,1,False,POSTRES,POSTRES,1.0,0.009904136976469986,0.6293023017378376
2335,957.0,23.925,22.0,9.669904409147552,3128.18148,40,TORTITA DE CAMARONES,TORTITA DE CAMARONES,1,False,14,14,1,False,SUGERENCIAS,SUGERENCIAS,0.975609756097561,0.009811862408366227,0.6391141641462038
2378,945.0,23.048780487804876,24.0,9.08006393014993,5988.18215,41,TIGRE DE BOGAVANTE,TIGRE DE BOGAVANTE,1,False,1,1,1,False,TAPAS CALIENTES,TAPAS CALIENTES,1.0,0.009688829650894551,0.6488029937970984
2382,914.0,22.29268292682927,22.0,8.0723103955405,6638.5455600000005,41,ALBONDIGA  XL DE WAGYU,ALBONDIGA  XL DE WAGYU,1,False,1,1,1,False,TAPAS CALIENTES,TAPAS CALIENTES,1.0,0.009370995027426053,0.6581739888245244
1747,868.0,21.170731707317074,21.0,6.020392175865248,15047.94542,41,TARTAR DE ATUN,TARTAR DE ATUN,1,False,3,3,1,False,CARTA,CARTA,1.0,0.008899369457117957,0.6670733582816424
1939,834.0,20.341463414634145,21.0,6.987881496195971,12868.09151,41,ALCACHOFA  A LA BRASA,ALCACHOFA  A LA BRASA,1,False,3,3,1,False,CARTA,CARTA,1.0,0.008550776644281539,0.6756241349259239
1507,827.0,20.170731707317074,7.0,27.344014371544272,26110.04536,41,OTROS DESCRIPCIÓN,OTROS DESCRIPCIÓN,1,False,15,15,1,False,OTROS,OTROS,1.0,0.008479007535756394,0.6841031424616802
2060,818.0,19.951219512195124,20.0,6.9532410410980106,3716.81522,41,PATATAS FRITAS GAJO,PATATAS FRITAS GAJO,1,False,26,26,1,False,GUARNICIONES,GUARNICIONES,1.0,0.008386732967652638,0.6924898754293329
1991,749.0,18.26829268292683,18.0,6.975042617231462,3303.36246,41,LEGARIS VERDEJO,LEGARIS VERDEJO,1,False,8,8,1,False,BLANCOS,BLANCOS,1.0,0.007679294612190496,0.7001691700415235
1662,745.0,18.170731707317074,18.0,5.877509842715665,9983.63441,41,TORTILLA DE BETANZOS,TORTILLA DE BETANZOS,1,False,14,14,1,False,SUGERENCIAS,SUGERENCIAS,1.0,0.00763828369303327,0.7078074537345568
2373,733.0,17.878048780487806,15.0,10.99589723931435,6016.3630299999995,41,GYOZA DE CERDO,GYOZA DE CERDO,1,False,1,1,1,False,TAPAS CALIENTES,TAPAS CALIENTES,1.0,0.007515250935561594,0.7153227046701184
2298,730.0,17.804878048780488,17.0,5.878858359388844,18541.08343,41,PLUMA DE BELLOTA A LA BRASA,PLUMA DE BELLOTA A LA BRASA,1,False,3,3,1,False,CARTA,CARTA,1.0,0.007484492746193674,0.722807197416312
1632,715.0,17.4390243902439,18.0,5.621604666319951,9236.77338,41,HAMBURGUESA DE VACA  ANGUS A LA BRASA,HAMBURGUESA DE VACA  ANGUS A LA BRASA,1,False,3,3,1,False,CARTA,CARTA,1.0,0.007330701799354078,0.7301378992156662
1505,709.0,17.29268292682927,19.0,5.9297719283250006,4712.7349,41,TARTA DE QUESO,TARTA DE QUESO,1,False,13,13,1,False,POSTRES,POSTRES,1.0,0.00726918542061824,0.7374070846362845
3,699.0,17.048780487804876,17.0,4.878274385026919,4053.5260200000002,41,NUESTRAS PATATAS BRAVAS,NUESTRAS PATATAS BRAVAS,1,False,28,28,1,False,CLASICOS,CLASICOS,1.0,0.007166658122725176,0.7445737427590097
2239,654.0,17.210526315789473,18.0,8.36064750737238,7001.05319,38,BOMBONES DE WAGYU Y FOIE,BOMBONES DE WAGYU Y FOIE,1,False,14,14,2,True,SUGERENCIAS,SUGERENCIAS,0.926829268292683,0.006705285282206388,0.751279028041216
1883,651.0,15.878048780487806,17.0,4.733894390199361,4024.36476,41,BLINIS DE SARDINA  AHUMADA,BLINIS DE SARDINA  AHUMADA,1,False,2,2,1,False,TAPAS FRIAS,TAPAS FRIAS,1.0,0.006674527092838468,0.7579535551340545
2031,634.0,15.463414634146341,14.0,5.427234843710053,4322.72609,41,ROSSINI,ROSSINI,1,False,1,1,1,False,TAPAS CALIENTES,TAPAS CALIENTES,1.0,0.006500230686420259,0.7644537858204747
2385,624.0,17.333333333333332,17.0,10.014275524755362,2022.7999,36,CROQUETON DE CECINA,CROQUETON DE CECINA,1,False,14,14,1,False,SUGERENCIAS,SUGERENCIAS,0.8780487804878049,0.006397703388527195,0.7708514892090019
35,597.0,14.560975609756097,13.0,5.074686101069725,1591.40994,41,COCA COLA,COCA COLA,1,False,4,4,1,False,REFRESCOS,REFRESCOS,1.0,0.006120879684215923,0.7769723688932179
1692,583.0,14.21951219512195,15.0,5.790130374706391,2012.6202,41,"VICTORIA 0,0 RUBIA","VICTORIA 0,0 RUBIA",1,False,5,5,1,False,CERVEZAS,CERVEZAS,1.0,0.005977341467165633,0.7829497103603835
2379,557.0,13.585365853658537,13.0,6.465197637180543,3807.5094599999998,41,BRIOCHE DE ENSALADILLA,BRIOCHE DE ENSALADILLA,1,False,2,2,1,False,TAPAS FRIAS,TAPAS FRIAS,1.0,0.005710770492643667,0.7886604808530272
1633,551.0,13.439024390243903,13.0,5.234733901965814,17630.90838,41,CHULETON DE VACA VIEJA,CHULETON DE VACA VIEJA,1,False,3,3,1,False,CARTA,CARTA,1.0,0.005649254113907828,0.794309734966935
2352,541.0,15.911764705882353,15.5,8.207046665717336,1862.01051,34,VICTORIA MALAGA,VICTORIA MALAGA,1,False,5,5,1,False,CERVEZAS,CERVEZAS,0.8292682926829268,0.005546726816014764,0.7998564617829498
2302,537.0,13.097560975609756,13.0,5.673644675377463,3368.45484,41,CHULETON MATIZADO,CHULETON MATIZADO,1,False,2,2,1,False,TAPAS FRIAS,TAPAS FRIAS,1.0,0.005505715896857538,0.8053621776798073
11,511.0,12.463414634146341,13.0,4.062619604243116,3158.91,41,BOMBONES DE FOIE,BOMBONES DE FOIE,1,False,2,2,1,False,TAPAS FRIAS,TAPAS FRIAS,1.0,0.005239144922335572,0.8106013226021429
2292,486.0,11.853658536585366,11.0,6.354372414368536,7069.08895,41,TOMATE DE LA TEMPORADA CON VENTRESCA,TOMATE DE LA TEMPORADA CON VENTRESCA,1,False,3,3,1,False,CARTA,CARTA,1.0,0.004982826677602911,0.8155841492797458
1726,483.0,12.075,12.0,6.3058275855324135,2280.43539,40,COPA  DE VICTORIA DIEZ,COPA  DE VICTORIA DIEZ,1,False,5,5,1,False,CERVEZAS,CERVEZAS,0.975609756097561,0.004952068488234993,0.8205362177679808
1989,475.0,11.875,11.5,6.895511360521199,1121.36384,40,LICOR PREMIUM,LICOR PREMIUM,1,False,6,6,1,False,LICORES,LICORES,0.975609756097561,0.004870046649920541,0.8254062644179013
2290,448.0,10.926829268292684,8.0,8.9816208000072,2831.90793,41,SALMOREJO CON HELADO,SALMOREJO CON HELADO,1,False,2,2,1,False,TAPAS FRIAS,TAPAS FRIAS,1.0,0.004593222945609268,0.8299994873635106
2047,445.0,10.853658536585366,9.0,5.747003460977539,2001.59991,41,COPA  VICTORIA 0.0 TOSTADA,COPA  VICTORIA 0.0 TOSTADA,1,False,5,5,1,False,CERVEZAS,CERVEZAS,1.0,0.0045624647562413495,0.8345619521197519
30,444.0,10.829268292682928,11.0,3.5348439783418324,7606.36272,41,CHIPIRONES A LA PLANCA,CHIPIRONES A LA PLANCA,1,False,3,3,1,False,CARTA,CARTA,1.0,0.004552212026452043,0.839114164146204
1947,442.0,10.78048780487805,9.0,5.570063712032168,2270.00033,41,EXTRA  ALCACHOFA,EXTRA  ALCACHOFA,1,False,22,22,1,False,EXTRAS,EXTRAS,1.0,0.00453170656687343,0.8436458707130774
2106,438.0,10.682926829268293,6.0,9.239694325004058,5830.45359,41,"ENSALADILLA ""LA ROCA""","ENSALADILLA ""LA ROCA""",1,False,3,2,2,True,CARTA,TAPAS FRIAS,1.0,0.004490695647716205,0.8481365663607936
2380,435.0,10.609756097560975,10.0,4.030372493830365,2708.93747,41,BIKINI DE CECINA,BIKINI DE CECINA,1,False,2,2,1,False,TAPAS FRIAS,TAPAS FRIAS,1.0,0.004459937458348285,0.8525965038191419
1930,426.0,10.390243902439025,11.0,4.282978220703952,6158.63483,41,TORREZNOS LA ROCA,TORREZNOS LA ROCA,1,False,14,14,1,False,SUGERENCIAS,SUGERENCIAS,1.0,0.004367662890244528,0.8569641667093864
2141,421.0,10.268292682926829,10.0,3.9435034565973344,6479.4997,41,ENSALADA TEMPLADA DE CALAMARES,ENSALADA TEMPLADA DE CALAMARES,1,False,3,3,1,False,CARTA,CARTA,1.0,0.004316399241297996,0.8612805659506844
1631,414.0,10.097560975609756,10.0,3.7269617522103746,9275.63541,41,PULPO A LA BRASA,PULPO A LA BRASA,1,False,3,3,1,False,CARTA,CARTA,1.0,0.004244630132772851,0.8655251960834572
2043,408.0,9.951219512195122,11.0,3.879118582308326,2550.54616,41,POLVITO URUGUAYO,POLVITO URUGUAYO,1,False,13,13,1,False,POSTRES,POSTRES,1.0,0.004183113754037012,0.8697083098374943
1652,400.0,9.75609756097561,9.0,4.282408713591441,7254.54605,41,CHIPIRONES FRITOS CON HUEVO,CHIPIRONES FRITOS CON HUEVO,1,False,14,14,1,False,SUGERENCIAS,SUGERENCIAS,1.0,0.004101091915722561,0.8738094017532169
2325,383.0,10.35135135135135,10.0,5.701930551314354,1672.72658,37,CAMIÑO DO REI,CAMIÑO DO REI,1,False,8,8,1,False,BLANCOS,BLANCOS,0.9024390243902439,0.0039267955093043524,0.8777361972625212
2347,380.0,9.268292682926829,9.0,3.741820347397122,6879.10045,41,CHULETILLAS DE CORDERO LECHAL,CHULETILLAS DE CORDERO LECHAL,1,False,3,3,1,False,CARTA,CARTA,1.0,0.003896037319936433,0.8816322345824577
1723,379.0,9.24390243902439,8.0,5.467085548100002,1310.91831,41,COPA DE HELADO,COPA DE HELADO,1,False,13,13,1,False,POSTRES,POSTRES,1.0,0.0038857845901471267,0.8855180191726048
82,353.0,9.289473684210526,8.0,4.735763272119821,1637.18124,38,LA ESCUCHA BIERZO,LA ESCUCHA BIERZO,1,False,9,9,1,False,TINTOS,TINTOS,0.926829268292683,0.0036192136156251603,0.8891372327882299
2377,341.0,28.416666666666668,11.5,28.22461315729213,901.54552,12,GAMBA ROJA  A LA PLANCHA,GAMBA ROJA  A LA PLANCHA,1,False,14,14,1,False,SUGERENCIAS,SUGERENCIAS,0.2926829268292683,0.0034961808581534834,0.8926334136463834
2387,340.0,10.303030303030303,11.0,4.475522654428533,2143.27314,33,BROWNIE DE CHOCOLATE,BROWNIE DE CHOCOLATE,1,False,13,13,1,False,POSTRES,POSTRES,0.8048780487804879,0.003485928128364177,0.8961193417747475
39,332.0,8.3,8.0,3.524274793558644,883.38235,40,AQUARIUS,AQUARIUS,1,False,4,4,1,False,REFRESCOS,REFRESCOS,0.975609756097561,0.003403906290049726,0.8995232480647972
2061,329.0,8.024390243902438,8.0,3.3651731372846836,1490.90778,41,PIMIENTO ASADO A LA BRASA,PIMIENTO ASADO A LA BRASA,1,False,26,26,1,False,GUARNICIONES,GUARNICIONES,1.0,0.0033731481006818065,0.902896396165479
2193,326.0,8.15,8.0,4.142029726644929,4481.36338,40,MEJILLONES A LA BRASA,MEJILLONES A LA BRASA,1,False,3,14,2,True,CARTA,SUGERENCIAS,0.975609756097561,0.0033423899113138875,0.9062387860767929
38,292.0,7.3,7.0,3.57484086072194,770.74593,40,NESTEA,NESTEA,1,False,4,4,1,False,REFRESCOS,REFRESCOS,0.975609756097561,0.0029937970984774695,0.9092325831752703
2312,278.0,7.315789473684211,7.0,3.662116233249861,1847.73582,38,CROMOTERAPIA,CROMOTERAPIA,1,False,13,13,1,False,POSTRES,POSTRES,0.926829268292683,0.00285025888142718,0.9120828420566975
1935,277.0,6.7560975609756095,7.0,3.2694073454135233,1049.99956,41,VERMOUTH,VERMOUTH,1,False,6,6,1,False,LICORES,LICORES,1.0,0.0028400061516378737,0.9149228482083354
2143,263.0,6.575,6.0,3.4484295942742786,8522.27194,40,"FIDEUA ""AL HORNO"" DE BOTILLO","FIDEUA ""AL HORNO"" DE BOTILLO",1,False,3,3,1,False,CARTA,CARTA,0.975609756097561,0.002696467934587584,0.9176193161429229
1941,255.0,6.375,6.0,3.310337344340201,2849.45432,40,"CALLOS A LA MADRILEÑA ESTILO ""LA ROCA""","CALLOS A LA MADRILEÑA ESTILO ""LA ROCA""",1,False,3,3,1,False,CARTA,CARTA,0.975609756097561,0.0026144460962731326,0.9202337622391961
1964,253.0,6.170731707317073,6.0,2.8714320384121077,6070.90925,41,COSTILLA DE VACA  ANGUS,COSTILLA DE VACA  ANGUS,1,False,3,3,1,False,CARTA,CARTA,1.0,0.00259394063669452,0.9228277028758906
1971,240.0,6.486486486486487,5.0,4.885475193660067,391.25457,37,EXTRA BLINIS,EXTRA BLINIS,1,False,22,22,1,False,EXTRAS,EXTRAS,0.9024390243902439,0.0024606551494335367,0.925288358025324
1944,219.0,5.7631578947368425,5.5,3.6423500768739343,356.8909,38,EXTRA BOMBON DE FOIE,EXTRA BOMBON DE FOIE,1,False,22,22,1,False,EXTRAS,EXTRAS,0.926829268292683,0.0022453478238581024,0.9275337058491822
2226,217.0,5.425,5.0,3.11232043040855,579.27303,40,COCA COLA 00,COCA COLA 00,1,False,4,4,1,False,REFRESCOS,REFRESCOS,0.975609756097561,0.0022248423642794893,0.9297585482134616
2177,214.0,5.35,5.0,2.5675489659026356,11827.27245,40,T-BONE,T-BONE,1,False,14,14,1,False,SUGERENCIAS,SUGERENCIAS,0.975609756097561,0.0021940841749115703,0.9319526323883731
2046,208.0,5.621621621621622,5.0,3.0853718608167027,649.0912500000001,37,"CERVEZA  VICTORIA  0,0 TOSTADA","CERVEZA  VICTORIA  0,0 TOSTADA",1,False,5,5,1,False,CERVEZAS,CERVEZAS,0.9024390243902439,0.002132567796175732,0.9340852001845489
1754,197.0,4.925,5.0,2.8046435853822214,748.3633,40,DAURA SIN GLUTEN,DAURA SIN GLUTEN,1,False,5,5,1,False,CERVEZAS,CERVEZAS,0.975609756097561,0.0020197877684933613,0.9361049879530422
1923,188.0,6.962962962962963,5.0,5.011383054004165,1192.7273400000001,27,SORBETE,SORBETE,1,False,13,13,1,False,POSTRES,POSTRES,0.6585365853658537,0.0019275132003896038,0.9380325011534318
1739,185.0,4.868421052631579,4.0,2.9698580604137077,1247.72704,38,CREMOSO DE CHOCOLATE,CREMOSO DE CHOCOLATE,1,False,13,13,1,False,POSTRES,POSTRES,0.926829268292683,0.0018967550110216846,0.9399292561644536
2348,184.0,4.487804878048781,4.0,2.2374310181490755,2393.81771,41,FOCACCIA DE PANCETA CHASU Y PROVOLONE,FOCACCIA DE PANCETA CHASU Y PROVOLONE,1,False,3,3,1,False,CARTA,CARTA,1.0,0.001886502281232378,0.9418157584456859
2350,178.0,6.846153846153846,6.0,3.4950514467436116,3861.81794,26,RODABALLO DE ANZUELO,RODABALLO DE ANZUELO,1,False,3,3,1,False,CARTA,CARTA,0.6341463414634146,0.0018249859024965396,0.9436407443481825
2351,178.0,6.592592592592593,7.0,2.951652200421099,2424.54487,27,TEMPURA DE LANGOSTINOS Y VERDURAS,TEMPURA DE LANGOSTINOS Y VERDURAS,1,False,3,3,1,False,CARTA,CARTA,0.6585365853658537,0.0018249859024965396,0.945465730250679
34010,170.0,10.0,8.0,8.79630604287959,1845.4540900000002,17,RABAS DE ANCHOA,RABAS DE ANCHOA,1,False,3,3,2,True,CARTA,CARTA,0.4146341463414634,0.0017429640641820885,0.9472086943148611
1740,156.0,4.105263157894737,3.5,2.3913071590400605,500.72735,38,CERVEZA VICTORIA DIEZ,CERVEZA VICTORIA DIEZ,1,False,5,5,1,False,CERVEZAS,CERVEZAS,0.926829268292683,0.0015994258471317988,0.9488081201619929
2376,147.0,5.25,4.5,3.4386151389875077,2756.8182500000003,28,CARRILLERA  DE CERDO  AL VINO TINTO,CARRILLERA  DE CERDO  AL VINO TINTO,1,False,3,14,2,True,CARTA,SUGERENCIAS,0.6829268292682927,0.0015071512790280413,0.9503152714410209
2349,143.0,5.5,5.0,2.596150997149434,1559.99983,26,BURRATA,BURRATA,1,False,3,3,1,False,CARTA,CARTA,0.6341463414634146,0.0014661403598708155,0.9517814118008917
2160,131.0,3.5405405405405403,4.0,1.6089091299972749,2728.18164,37,CECINA BLACK ANGUS,CECINA BLACK ANGUS,1,False,3,3,1,False,CARTA,CARTA,0.9024390243902439,0.0013431076023991387,0.9531245194032908
2218,130.0,8.666666666666666,8.0,3.976119189552019,2127.27306,15,TUETANO A LA BRASA,TUETANO A LA BRASA,1,False,3,3,1,False,CARTA,CARTA,0.36585365853658536,0.0013328548726098323,0.9544573742759006
2231,129.0,4.161290322580645,4.0,2.310797469757261,1043.72737,31,PROVOLETA  A  LA  BRASA,PROVOLETA  A  LA  BRASA,1,False,14,14,1,False,SUGERENCIAS,SUGERENCIAS,0.7560975609756098,0.001322602142820526,0.9557799764187211
2232,118.0,19.666666666666668,15.0,18.424621208227503,400.72759,6,MAHOU,MAHOU,1,False,5,5,1,False,CERVEZAS,CERVEZAS,0.14634146341463414,0.0012098221151381555,0.9569897985338593
2294,118.0,4.538461538461538,4.0,3.0493378852566564,2574.54526,26,"ARROZ MELOSO ""NEGRO""","ARROZ MELOSO ""NEGRO""",1,False,29,3,2,True,APARTADO,CARTA,0.6341463414634146,0.0012098221151381555,0.9581996206489976
1537,116.0,3.0526315789473686,2.5,1.8298924561672965,365.90928,38,ZUMO DE TOMATE PREPARADO,ZUMO DE TOMATE PREPARADO,1,False,4,4,1,False,REFRESCOS,REFRESCOS,0.926829268292683,0.0011893166555595428,0.9593889373045571
2245,116.0,3.2222222222222223,3.0,1.5876507552465438,527.2722699999999,36,PATATAS A LA PROVENZAL,PATATAS A LA PROVENZAL,1,False,26,26,1,False,GUARNICIONES,GUARNICIONES,0.8780487804878049,0.0011893166555595428,0.9605782539601166
2297,113.0,7.533333333333333,9.0,3.3777986632604096,2545.45434,15,LOMO DE LUBINA  A LA BRASA,LOMO DE LUBINA  A LA BRASA,1,False,3,3,1,False,CARTA,CARTA,0.36585365853658536,0.0011585584661916236,0.9617368124263083
2374,111.0,22.2,4.0,29.760712357065646,161.45451000000003,5,CROQUETA DE CECINA,CROQUETA DE CECINA,1,False,14,14,1,False,SUGERENCIAS,SUGERENCIAS,0.12195121951219512,0.0011380530066130107,0.9628748654329212
47,97.0,2.7714285714285714,2.0,1.6992336384332773,260.13652,35,REFRESCO NARANJA,REFRESCO NARANJA,1,False,4,4,1,False,REFRESCOS,REFRESCOS,0.8536585365853658,0.0009945147895627211,0.9638693802224839
2332,89.0,2.696969696969697,2.0,1.5509039397406372,1982.27292,33,HABLA DEL SILENCIO,HABLA DEL SILENCIO,1,False,9,9,1,False,TINTOS,TINTOS,0.8048780487804879,0.0009124929512482698,0.9647818731737322
43,88.0,2.838709677419355,2.0,1.7145801078504785,236.00011,31,MOSTO,MOSTO,1,False,4,4,1,False,REFRESCOS,REFRESCOS,0.7560975609756098,0.0009022402214589635,0.9656841133951912
2164,87.0,2.71875,2.0,2.517479217968487,472.18175,32,ANNA CODORNIU,ANNA CODORNIU,1,False,10,10,1,False,ESPUMOSOS,ESPUMOSOS,0.7804878048780488,0.000891987491669657,0.9665761008868609
2301,86.0,2.5294117647058822,2.0,1.3311033044546636,463.63608999999997,34,"ENSALADA DE LECHUGA , CEBOLLA Y TOMATE","ENSALADA DE LECHUGA , CEBOLLA Y TOMATE",1,False,26,26,1,False,GUARNICIONES,GUARNICIONES,0.8292682926829268,0.0008817347618803506,0.9674578356487412
34016,84.0,6.0,6.0,2.0754980866510833,1358.18203,14,CALAMARES DE ANZUELO,CALAMARES DE ANZUELO,1,False,3,3,1,False,CARTA,CARTA,0.34146341463414637,0.0008612293023017378,0.9683190649510429
2222,84.0,4.666666666666667,4.0,4.44575144180969,440.34544,18,MINI HAMBURGUESAS,MINI HAMBURGUESAS,1,False,14,14,1,False,SUGERENCIAS,SUGERENCIAS,0.43902439024390244,0.0008612293023017378,0.9691802942533446
2154,82.0,2.411764705882353,2.0,1.3732872982610238,149.09078,34,PAN SIN GLUTEN,PAN SIN GLUTEN,1,False,15,15,1,False,OTROS,OTROS,0.8292682926829268,0.000840723842723125,0.9700210180960678
1573,78.0,3.391304347826087,3.0,2.759102792819411,552.72735,23,SEAGRAMS,SEAGRAMS,1,False,6,6,1,False,LICORES,LICORES,0.5609756097560976,0.0007997129235658994,0.9708207310196337
40,76.0,2.533333333333333,2.0,1.6131642354623141,203.81833,30,SPRITE,SPRITE,1,False,4,4,1,False,REFRESCOS,REFRESCOS,0.7317073170731707,0.0007792074639872866,0.971599938483621
2293,74.0,2.642857142857143,2.5,1.4960264830861913,858.18161,28,PIMIENTOS DE CARNE,PIMIENTOS DE CARNE,1,False,14,3,2,True,SUGERENCIAS,CARTA,0.6829268292682927,0.0007587020044086738,0.9723586404880297
2203,73.0,2.085714285714286,2.0,1.3584469629913802,271.0908,35,CAFE DOBLE,CAFE DOBLE,1,False,13,13,1,False,POSTRES,POSTRES,0.8536585365853658,0.0007484492746193674,0.973107089762649
1934,72.0,3.272727272727273,2.0,2.433531985012303,338.63634,22,BAINES,BAINES,1,False,6,6,1,False,LICORES,LICORES,0.5365853658536586,0.000738196544830061,0.9738452863074791
2392,70.0,2.2580645161290325,2.0,1.2101719419290213,1590.9089,31,ENTRECUESTAS,ENTRECUESTAS,1,False,8,8,2,True,BLANCOS,BLANCOS,0.7560975609756098,0.0007176910852514482,0.9745629773927306
46,68.0,2.3448275862068964,2.0,1.4211630566186053,182.36371,29,REFRESCO LIMON,REFRESCO LIMON,1,False,4,4,1,False,REFRESCOS,REFRESCOS,0.7073170731707317,0.0006971856256728354,0.9752601630184033
2227,68.0,2.2666666666666666,1.5,1.6386144974533723,182.36376,30,COCA COLA LIGHT,COCA COLA LIGHT,1,False,4,4,1,False,REFRESCOS,REFRESCOS,0.7317073170731707,0.0006971856256728354,0.9759573486440761
2259,66.0,1.9411764705882353,1.5,1.2538710114557174,2273.1816200000003,34,ABADIA RETUERTA,ABADIA RETUERTA,1,False,9,9,1,False,TINTOS,TINTOS,0.8292682926829268,0.0006766801660942226,0.9766340288101704
1751,65.0,13.0,15.0,11.135528725660043,224.54558,5,KELLER,KELLER,1,False,5,5,1,False,CERVEZAS,CERVEZAS,0.12195121951219512,0.0006664274363049162,0.9773004562464753
34017,62.0,7.75,6.5,3.882193783343198,443.63647000000003,8,"LINGOTE ""LA ROCA""","LINGOTE ""LA ROCA""",1,False,13,13,1,False,POSTRES,POSTRES,0.1951219512195122,0.000635669246936997,0.9779361254934124
1701,59.0,2.5652173913043477,2.0,2.4276080063327905,392.72727,23,BEEFEATER,BEEFEATER,1,False,6,6,1,False,LICORES,LICORES,0.5609756097560976,0.0006049110575690777,0.9785410365509815
2343,59.0,2.36,2.0,2.706165799305973,184.27265,25,EXTRA CHULETON MATIZADO,EXTRA CHULETON MATIZADO,1,False,22,22,1,False,EXTRAS,EXTRAS,0.6097560975609756,0.0006049110575690777,0.9791459476085506
34011,56.0,14.0,13.0,8.86942313043338,81.45454000000001,4,CROQUETA DE CHIPIRONES EN SU TINTA,CROQUETA DE CHIPIRONES EN SU TINTA,1,False,14,14,1,False,SUGERENCIAS,SUGERENCIAS,0.0975609756097561,0.0005741528682011585,0.9797201004767517
41,55.0,1.8333333333333333,1.0,1.0854312136382618,144.81828000000002,30,TONICA,TONICA,1,False,4,4,1,False,REFRESCOS,REFRESCOS,0.7317073170731707,0.0005639001384118522,0.9802840006151636
2282,55.0,1.8333333333333333,1.0,1.2058287558794354,1424.54561,30,JAMON DE BELLOTA  DE JABUGO,JAMON DE BELLOTA  DE JABUGO,1,False,14,14,1,False,SUGERENCIAS,SUGERENCIAS,0.7317073170731707,0.0005639001384118522,0.9808479007535755
1706,54.0,3.176470588235294,3.0,1.5904124511289146,56.818130000000004,17,LICORES VARIOS,LICORES VARIOS,1,False,6,6,1,False,LICORES,LICORES,0.4146341463414634,0.0005536474086225457,0.981401548162198
2331,52.0,1.8571428571428572,2.0,1.0079052613579393,1087.27265,28,PROTOS 9 MESES,PROTOS 9 MESES,1,False,9,9,2,True,TINTOS,TINTOS,0.6829268292682927,0.000533141949043933,0.981934690111242
2318,51.0,2.125,2.0,1.190998850070631,1205.4543800000001,24,JUAN GIL PLATA,JUAN GIL PLATA,1,False,9,9,1,False,TINTOS,TINTOS,0.5853658536585366,0.0005228892192546265,0.9824575793304966
2036,50.0,2.0833333333333335,2.0,1.2128538629008951,402.11822000000006,24,FINGERS DE POLLO,FINGERS DE POLLO,1,False,14,14,1,False,SUGERENCIAS,SUGERENCIAS,0.5853658536585366,0.0005126364894653202,0.9829702158199619
34015,47.0,3.357142857142857,3.5,1.499083969380217,1025.45449,14,TACO DE COCHINILLO TOSTADO,TACO DE COCHINILLO TOSTADO,1,False,3,3,1,False,CARTA,CARTA,0.34146341463414637,0.00048187830009740096,0.9834520941200593
2192,42.0,5.25,5.0,1.6690459207925605,610.9089,8,BERBERECHOS A LA BRASA,BERBERECHOS A LA BRASA,1,False,14,14,1,False,SUGERENCIAS,SUGERENCIAS,0.1951219512195122,0.0004306146511508689,0.9838827087712102
2317,41.0,2.05,2.0,1.050062654772261,1304.54542,20,VIÑA  ARDANZA,VIÑA  ARDANZA,1,False,9,9,1,False,TINTOS,TINTOS,0.4878048780487805,0.0004203619213615625,0.9843030706925717
2367,40.0,1.5384615384615385,1.0,0.9478721108153455,905.4544699999999,26,JOSE PARIENTE,JOSE PARIENTE,1,False,8,8,1,False,BLANCOS,BLANCOS,0.6341463414634146,0.00041010919157225613,0.984713179884144
2371,39.0,1.625,1.0,0.8753881126826472,1028.18194,24,PETALOS,PETALOS,1,False,9,9,1,False,TINTOS,TINTOS,0.5853658536585366,0.0003998564617829497,0.985113036345927
2319,37.0,1.608695652173913,1.0,0.8913284485317718,941.8183499999999,23,LOPEZ CRISTOBAL CRIANZA,LOPEZ CRISTOBAL CRIANZA,1,False,9,9,1,False,TINTOS,TINTOS,0.5609756097560976,0.0003793510022043369,0.9854923873481313
2023,37.0,7.4,8.0,1.949358868961793,134.18173000000002,5,RAIMAT ALBARIÑO,RAIMAT ALBARIÑO,1,False,8,8,1,False,BLANCOS,BLANCOS,0.12195121951219512,0.0003793510022043369,0.9858717383503356
2281,36.0,4.0,4.0,2.3979157616563596,672.27274,9,NAVAJAS A LA BRASA,NAVAJAS A LA BRASA,1,False,14,14,1,False,SUGERENCIAS,SUGERENCIAS,0.21951219512195122,0.0003690982724150305,0.9862408366227506
1698,35.0,2.6923076923076925,2.0,2.323238235187235,240.00004,13,BARCELO,BARCELO,1,False,6,6,1,False,LICORES,LICORES,0.3170731707317073,0.0003588455426257241,0.9865996821653764
1697,34.0,2.0,2.0,1.3693063937629153,232.72732000000002,17,BRUGAL,BRUGAL,1,False,6,6,1,False,LICORES,LICORES,0.4146341463414634,0.0003485928128364177,0.9869482749782128
1922,34.0,1.7,1.0,0.9233805168766386,896.36372,20,VIÑA POMAL SELECCION 106,VIÑA POMAL SELECCION 106,1,False,9,9,1,False,TINTOS,TINTOS,0.4878048780487805,0.0003485928128364177,0.9872968677910492
2264,33.0,1.736842105263158,1.0,0.991189255566704,838.6364599999999,19,MAR DE FRADES,MAR DE FRADES,1,False,8,8,1,False,BLANCOS,BLANCOS,0.4634146341463415,0.0003383400830471113,0.9876352078740963
2188,32.0,1.5238095238095237,1.0,0.7496030695673289,756.36357,21,SEPTIMA OBRA,SEPTIMA OBRA,1,False,9,9,1,False,TINTOS,TINTOS,0.5121951219512195,0.0003280873532578049,0.9879632952273542
1849,32.0,1.6842105263157894,1.0,1.335524515310053,843.63647,19,PARAMOS LEGARIS,PARAMOS LEGARIS,1,False,9,9,1,False,TINTOS,TINTOS,0.4634146341463415,0.0003280873532578049,0.988291382580612
2306,31.0,2.8181818181818183,2.0,1.662418829187267,183.1818,11,PAN BAO DE COCHINITA PIBIL,PAN BAO DE COCHINITA PIBIL,1,False,1,1,1,False,TAPAS CALIENTES,TAPAS CALIENTES,0.2682926829268293,0.0003178346234684985,0.9886092172040805
2205,30.0,1.875,1.5,1.3102162671355697,92.27279,16,CAFE BOMBON,CAFE BOMBON,1,False,13,13,1,False,POSTRES,POSTRES,0.3902439024390244,0.0003075818936791921,0.9889167990977596
1713,30.0,1.875,2.0,0.8850612031567836,265.45457,16,BLACK LABEL,BLACK LABEL,1,False,6,6,1,False,LICORES,LICORES,0.3902439024390244,0.0003075818936791921,0.9892243809914388
2129,30.0,1.5,1.0,0.827170191868511,190.90921,20,COULANT DE CHOCOLATE GLUTEN FREE,COULANT DE CHOCOLATE GLUTEN FREE,1,False,13,13,1,False,POSTRES,POSTRES,0.4878048780487805,0.0003075818936791921,0.989531962885118
1705,29.0,1.9333333333333333,2.0,1.2227992865708153,203.63637,15,TANQUERAY,TANQUERAY,1,False,6,6,1,False,LICORES,LICORES,0.36585365853658536,0.0002973291638898857,0.9898292920490079
2184,29.0,2.230769230769231,2.0,1.1657505560686465,764.54555,13,LA VICALANDA RESERVA,LA VICALANDA RESERVA,1,False,9,9,1,False,TINTOS,TINTOS,0.3170731707317073,0.0002973291638898857,0.9901266212128979
2211,29.0,3.625,2.0,3.583194903195431,131.81812,8,JARRA VICTORIA,JARRA VICTORIA,1,False,5,5,1,False,CERVEZAS,CERVEZAS,0.1951219512195122,0.0002973291638898857,0.9904239503767878
1616,29.0,1.6111111111111112,1.0,0.7775443160352296,77.77277000000001,18,ZUMOS VARIADOS,ZUMOS VARIADOS,1,False,4,4,1,False,REFRESCOS,REFRESCOS,0.43902439024390244,0.0002973291638898857,0.9907212795406777
1711,27.0,2.076923076923077,1.0,2.0599975105785306,189.09091,13,WHITE LABEL,WHITE LABEL,1,False,6,6,1,False,LICORES,LICORES,0.3170731707317073,0.00027682370431127287,0.9909981032449889
2289,26.0,2.0,1.0,1.4719601443879744,210.36366,13,APEROL SPRITZ,APEROL SPRITZ,1,False,6,6,1,False,LICORES,LICORES,0.3170731707317073,0.0002665709745219665,0.9912646742195109
1702,25.0,2.0833333333333335,2.0,1.0836246694508318,227.27267,12,MARTIN MILERS,MARTIN MILERS,1,False,6,6,1,False,LICORES,LICORES,0.2926829268292683,0.0002563182447326601,0.9915209924642436
2153,25.0,1.9230769230769231,2.0,1.1151635501529555,130.90907,13,BAINES ORO,BAINES ORO,1,False,6,6,1,False,LICORES,LICORES,0.3170731707317073,0.0002563182447326601,0.9917773107089763
2100,25.0,2.7777777777777777,2.0,1.7873008824606014,77.27274,9,MANZANILLA,MANZANILLA,1,False,6,6,1,False,LICORES,LICORES,0.21951219512195122,0.0002563182447326601,0.9920336289537091
2122,25.0,1.3157894736842106,1.0,0.4775669329409193,192.63631999999998,19,MEDIA DE TORREZNOS,MEDIA DE TORREZNOS,1,False,22,22,1,False,EXTRAS,EXTRAS,0.4634146341463415,0.0002563182447326601,0.9922899471984418
2155,24.0,1.7142857142857142,1.5,0.9138735334633754,118.63635,14,BAILEYS,BAILEYS,1,False,6,6,1,False,LICORES,LICORES,0.34146341463414637,0.00024606551494335365,0.9925360127133851
1712,24.0,1.7142857142857142,1.0,2.1277858274442303,174.54543999999999,14,RED LABEL,RED LABEL,1,False,6,6,1,False,LICORES,LICORES,0.34146341463414637,0.00024606551494335365,0.9927820782283284
2355,24.0,1.6,1.0,0.9102589898327995,741.81817,15,MARQUES DE MURRIETA,MARQUES DE MURRIETA,1,False,9,9,1,False,TINTOS,TINTOS,0.36585365853658536,0.00024606551494335365,0.9930281437432718
2058,24.0,2.1818181818181817,1.0,1.7786613965666325,477.81816000000003,11,ARROZ MELOSO DE SOLOMILLO A LA PARRILLA,ARROZ MELOSO DE SOLOMILLO A LA PARRILLA,1,False,14,14,1,False,SUGERENCIAS,SUGERENCIAS,0.2682926829268293,0.00024606551494335365,0.9932742092582151
1873,24.0,1.7142857142857142,1.0,1.3827826698682306,115.63633999999999,14,"BOCATA DE PANCETA DE ""CHASU""","BOCATA DE PANCETA DE ""CHASU""",1,False,28,28,1,False,CLASICOS,CLASICOS,0.34146341463414637,0.00024606551494335365,0.9935202747731584
2191,23.0,1.4375,1.0,0.8139410298049852,227.90905999999998,16,ENSALADA MIXTA,ENSALADA MIXTA,1,False,26,26,1,False,GUARNICIONES,GUARNICIONES,0.3902439024390244,0.00023581278515404726,0.9937560875583125
1986,20.0,2.2222222222222223,2.0,1.9220937657784662,252.72727,9,MACALLAN 12,MACALLAN 12,1,False,6,6,1,False,LICORES,LICORES,0.21951219512195122,0.00020505459578612807,0.9939611421540986
2210,19.0,1.4615384615384615,1.0,0.5188745216627708,60.454480000000004,13,CAPUCCINO,CAPUCCINO,1,False,13,13,1,False,POSTRES,POSTRES,0.3170731707317073,0.00019480186599682165,0.9941559440200954
2342,19.0,1.3571428571428572,1.0,0.744946343668492,431.81813,14,VIÑAS DEL VERO GEWURZTRAMINER,VIÑAS DEL VERO GEWURZTRAMINER,1,False,8,8,1,False,BLANCOS,BLANCOS,0.34146341463414637,0.00019480186599682165,0.9943507458860923
2396,18.0,1.8,1.5,1.0327955589886446,687.27275,10,CARROA,CARROA,1,False,9,9,1,False,TINTOS,TINTOS,0.24390243902439024,0.00018454913620751526,0.9945352950222998
2204,18.0,1.3846153846153846,1.0,0.7679476477883046,73.6364,13,CARAJILLO,CARAJILLO,1,False,13,13,1,False,POSTRES,POSTRES,0.3170731707317073,0.00018454913620751526,0.9947198441585072
2246,18.0,2.5714285714285716,1.0,4.157609203101499,237.27275999999998,7,MEJILLONES A LA BRASA CON SALSA THAI,MEJILLONES A LA BRASA CON SALSA THAI,1,False,14,14,1,False,SUGERENCIAS,SUGERENCIAS,0.17073170731707318,0.00018454913620751526,0.9949043932947147
1795,18.0,1.5,1.0,0.9045340337332909,510.0,12,ARS COLLECTA GRAN RESERVA,ARS COLLECTA GRAN RESERVA,1,False,10,10,1,False,ESPUMOSOS,ESPUMOSOS,0.2926829268292683,0.00018454913620751526,0.9950889424309222
2345,17.0,1.8888888888888888,2.0,0.927960727138337,338.45453000000003,9,ARROZ MELOSO BOLETUS Y TRUFA,ARROZ MELOSO BOLETUS Y TRUFA,1,False,14,14,1,False,SUGERENCIAS,SUGERENCIAS,0.21951219512195122,0.00017429640641820885,0.9952632388373404
1825,17.0,1.2142857142857142,1.0,0.42581531362632014,282.72729,14,QUESO DE OVEJA,QUESO DE OVEJA,1,False,14,14,1,False,SUGERENCIAS,SUGERENCIAS,0.34146341463414637,0.00017429640641820885,0.9954375352437586
2217,16.0,2.0,2.0,1.3093073414159542,65.45456,8,TINTO DE VERANO CON VERMOUTH,TINTO DE VERANO CON VERMOUTH,1,False,5,5,1,False,CERVEZAS,CERVEZAS,0.1951219512195122,0.00016404367662890246,0.9956015789203875
2315,15.0,1.3636363636363635,1.0,0.6741998624632421,354.5454,11,LA MATEO VENDIMIA,LA MATEO VENDIMIA,1,False,9,9,1,False,TINTOS,TINTOS,0.2682926829268293,0.00015379094683959604,0.9957553698672271
2219,15.0,1.1538461538461537,1.0,0.3755338080994054,40.22729,13,BITTER KAS,BITTER KAS,1,False,4,4,1,False,REFRESCOS,REFRESCOS,0.3170731707317073,0.00015379094683959604,0.9959091608140668
1703,15.0,1.5,1.0,0.7071067811865476,136.36361000000002,10,NORDÉS,NORDÉS,1,False,6,6,1,False,LICORES,LICORES,0.24390243902439024,0.00015379094683959604,0.9960629517609064
2194,15.0,1.5,1.0,0.7071067811865475,104.09088,10,MEDIA DE MEJILLONES A LA BRASA,MEDIA DE MEJILLONES A LA BRASA,1,False,22,22,1,False,EXTRAS,EXTRAS,0.24390243902439024,0.00015379094683959604,0.9962167427077461
2313,14.0,1.4,1.0,0.6992058987801011,738.18182,10,NUMANTHIA,NUMANTHIA,1,False,9,9,1,False,TINTOS,TINTOS,0.24390243902439024,0.00014353821705028963,0.9963602809247963
2364,13.0,6.5,6.5,7.7781745930520225,99.09091000000001,2,A TRABA GODELLO,A TRABA GODELLO,1,False,8,8,2,True,BLANCOS,APARTADO,0.04878048780487805,0.00013328548726098324,0.9964935664120573
2320,13.0,1.625,1.5,0.7440238091428449,378.18183,8,VALDERIZ,VALDERIZ,1,False,9,9,1,False,TINTOS,TINTOS,0.1951219512195122,0.00013328548726098324,0.9966268518993183
2334,12.0,2.0,2.0,0.8944271909999159,81.09094,6,LIMONCELLO VILLA MASSA,LIMONCELLO VILLA MASSA,1,False,6,6,1,False,LICORES,LICORES,0.14634146341463414,0.00012303275747167682,0.99674988465679
2287,12.0,1.7142857142857142,2.0,0.7559289460184545,44.72725,7,AGUA CRISTAL 1L LIMON,AGUA CRISTAL 1L LIMON,1,False,4,4,1,False,REFRESCOS,REFRESCOS,0.17073170731707318,0.00012303275747167682,0.9968729174142618
2398,11.0,1.375,1.0,0.5175491695067657,245.45451000000003,8,PAGOS DE POSADA,PAGOS DE POSADA,1,False,9,9,2,True,TINTOS,TINTOS,0.1951219512195122,0.00011278002768237044,0.9969856974419441
2399,11.0,1.375,1.0,0.5175491695067657,318.18183,8,TERMES,TERMES,1,False,9,9,2,True,TINTOS,TINTOS,0.1951219512195122,0.00011278002768237044,0.9970984774696264
2316,11.0,1.1,1.0,0.31622776601683794,239.99998000000002,10,LA VANIDOSA,LA VANIDOSA,1,False,9,9,1,False,TINTOS,TINTOS,0.24390243902439024,0.00011278002768237044,0.9972112574973088
1949,10.0,1.1111111111111112,1.0,0.3333333333333333,90.90910000000001,9,MEDIA DE FRITOS,MEDIA DE FRITOS,1,False,22,22,1,False,EXTRAS,EXTRAS,0.21951219512195122,0.00010252729789306403,0.9973137847952018
1567,9.0,1.5,1.5,0.5477225575051662,31.09093,6,PEDRO XIMENEZ COPA,PEDRO XIMENEZ COPA,1,False,6,6,1,False,LICORES,LICORES,0.14634146341463414,9.227456810375763e-05,0.9974060593633056
1710,9.0,1.5,1.0,0.8366600265340757,65.45455000000001,6,JB,JB,1,False,6,6,1,False,LICORES,LICORES,0.14634146341463414,9.227456810375763e-05,0.9974983339314094
2010,9.0,1.2857142857142858,1.0,0.48795003647426666,65.45455,7,SANTA TERESA,SANTA TERESA,1,False,6,6,1,False,LICORES,LICORES,0.17073170731707318,9.227456810375763e-05,0.9975906084995132
2195,8.0,1.1428571428571428,1.0,0.3779644730092272,61.81816,7,MEDIA DE BERBERECHOS A LA BRASA,MEDIA DE BERBERECHOS A LA BRASA,1,False,22,22,1,False,EXTRAS,EXTRAS,0.17073170731707318,8.202183831445123e-05,0.9976726303378276
2041,8.0,2.0,1.5,1.4142135623730951,100.00001999999999,4,ZACAPA,ZACAPA,1,False,6,6,1,False,LICORES,LICORES,0.0975609756097561,8.202183831445123e-05,0.997754652176142
2388,8.0,1.0,1.0,0.0,14.545440000000001,8,AGUA  RECICLABLE,AGUA  RECICLABLE,1,False,4,4,1,False,REFRESCOS,REFRESCOS,0.1951219512195122,8.202183831445123e-05,0.9978366740144564
2132,7.0,1.1666666666666667,1.0,0.408248290463863,216.36363000000003,6,PRIOR SCALA DEI,PRIOR SCALA DEI,1,False,9,9,1,False,TINTOS,TINTOS,0.14634146341463414,7.176910852514481e-05,0.9979084431229815
2344,7.0,2.3333333333333335,2.0,1.5275252316519468,57.27274,3,MOJITO,MOJITO,1,False,6,6,1,False,LICORES,LICORES,0.07317073170731707,7.176910852514481e-05,0.9979802122315067
2356,7.0,2.3333333333333335,2.0,1.5275252316519465,146.36363,3,MARQUES DE ATRIO ED. LTDA.,MARQUES DE ATRIO ED. LTDA.,1,False,9,9,1,False,TINTOS,TINTOS,0.07317073170731707,7.176910852514481e-05,0.9980519813400318
2393,7.0,1.4,1.0,0.5477225575051662,140.0,5,LA MATEO ROSE,LA MATEO ROSE,1,False,32,32,1,False,ROSADOS,ROSADOS,0.12195121951219512,7.176910852514481e-05,0.998123750448557
2397,7.0,1.0,1.0,0.0,286.36363,7,JUEGABOLOS,JUEGABOLOS,1,False,9,9,2,True,TINTOS,TINTOS,0.17073170731707318,7.176910852514481e-05,0.9981955195570821
2273,7.0,1.4,1.0,0.5477225575051661,70.90904,5,JAMESON,JAMESON,1,False,6,6,1,False,LICORES,LICORES,0.12195121951219512,7.176910852514481e-05,0.9982672886656072
2225,7.0,1.75,2.0,0.5,18.45455,4,CHORIZO CRIOLLO A LA BRASA,CHORIZO CRIOLLO A LA BRASA,1,False,14,14,1,False,SUGERENCIAS,SUGERENCIAS,0.0975609756097561,7.176910852514481e-05,0.9983390577741323
2173,7.0,1.4,1.0,0.5477225575051661,21.63637,5,FINO,FINO,1,False,6,6,1,False,LICORES,LICORES,0.12195121951219512,7.176910852514481e-05,0.9984108268826575
2221,7.0,1.75,2.0,0.5,50.90911,4,CUTTY SARK,CUTTY SARK,1,False,6,6,1,False,LICORES,LICORES,0.0975609756097561,7.176910852514481e-05,0.9984825959911826
1996,7.0,1.75,1.0,1.5,140.0,4,SOLAGÜEN CRIANZA,SOLAGÜEN CRIANZA,1,False,9,9,1,False,TINTOS,TINTOS,0.0975609756097561,7.176910852514481e-05,0.9985543650997077
1704,7.0,1.4,1.0,0.5477225575051662,50.90907,5,PUERTO DE INDIAS,PUERTO DE INDIAS,1,False,6,6,1,False,LICORES,LICORES,0.12195121951219512,7.176910852514481e-05,0.9986261342082329
2395,6.0,1.5,1.5,0.5773502691896257,120.0,4,LA REQUEMADA,LA REQUEMADA,1,False,9,9,1,False,TINTOS,TINTOS,0.0975609756097561,6.151637873583841e-05,0.9986876505869687
2149,6.0,2.0,2.0,1.0,54.545460000000006,3,LEGENDARIO,LEGENDARIO,1,False,6,6,1,False,LICORES,LICORES,0.07317073170731707,6.151637873583841e-05,0.9987491669657046
2291,6.0,1.5,1.5,0.5773502691896257,65.45454000000001,4,BULLDOG,BULLDOG,1,False,6,6,1,False,LICORES,LICORES,0.0975609756097561,6.151637873583841e-05,0.9988106833444405
2182,6.0,2.0,2.0,1.0,305.45456,3,MOET&CHANDON BRUT IMPERIAL,MOET&CHANDON BRUT IMPERIAL,1,False,10,10,1,False,ESPUMOSOS,ESPUMOSOS,0.07317073170731707,6.151637873583841e-05,0.9988721997231763
2285,6.0,1.0,1.0,0.0,245.45454999999998,6,VALDUERO UNA CEPA,VALDUERO UNA CEPA,1,False,9,9,1,False,TINTOS,TINTOS,0.14634146341463414,6.151637873583841e-05,0.9989337161019122
2040,5.0,1.0,1.0,0.0,45.45452,5,BOMBAY SAPHIRE,BOMBAY SAPHIRE,1,False,6,6,1,False,LICORES,LICORES,0.12195121951219512,5.1263648946532017e-05,0.9989849797508588
2263,5.0,1.6666666666666667,2.0,0.5773502691896258,113.63635,3,MARTIN CODAX,MARTIN CODAX,1,False,8,8,1,False,BLANCOS,BLANCOS,0.07317073170731707,5.1263648946532017e-05,0.9990362433998053
34013,5.0,2.5,2.5,0.7071067811865476,40.909090000000006,2,MARGARITA,MARGARITA,1,False,6,6,1,False,LICORES,LICORES,0.04878048780487805,5.1263648946532017e-05,0.9990875070487519
2327,5.0,1.25,1.0,0.5,104.54546,4,LA MATEO BLANCO,LA MATEO BLANCO,1,False,8,8,1,False,BLANCOS,BLANCOS,0.0975609756097561,5.1263648946532017e-05,0.9991387706976985
2390,4.0,1.3333333333333333,1.0,0.5773502691896257,90.90908,3,LOPEZ CRISTOBAL ALBILLO,LOPEZ CRISTOBAL ALBILLO,1,False,8,8,1,False,BLANCOS,BLANCOS,0.07317073170731707,4.1010919157225615e-05,0.9991797816168557
1779,4.0,1.3333333333333333,1.0,0.5773502691896257,43.63637,3,GVINE,GVINE,1,False,6,6,1,False,LICORES,LICORES,0.07317073170731707,4.1010919157225615e-05,0.9992207925360129
1771,4.0,2.0,2.0,1.4142135623730951,36.363640000000004,2,TANQUERAY TEN,TANQUERAY TEN,1,False,6,6,1,False,LICORES,LICORES,0.04878048780487805,4.1010919157225615e-05,0.9992618034551701
2042,4.0,1.3333333333333333,1.0,0.5773502691896258,43.63636,3,GREY GOOSE,GREY GOOSE,1,False,6,6,1,False,LICORES,LICORES,0.07317073170731707,4.1010919157225615e-05,0.9993028143743273
2157,4.0,1.3333333333333333,1.0,0.5773502691896257,29.0909,3,TEQUILA DON JULIO REPOSADO,TEQUILA DON JULIO REPOSADO,1,False,6,6,1,False,LICORES,LICORES,0.07317073170731707,4.1010919157225615e-05,0.9993438252934845
2337,4.0,1.3333333333333333,1.0,0.5773502691896258,72.72728000000001,3,VIÑA POMAL ROSADO,VIÑA POMAL ROSADO,1,False,32,32,1,False,ROSADOS,ROSADOS,0.07317073170731707,4.1010919157225615e-05,0.9993848362126417
2265,4.0,1.0,1.0,0.0,101.81819999999999,4,LA VICALANDA BLANCO,LA VICALANDA BLANCO,1,False,8,8,1,False,BLANCOS,BLANCOS,0.0975609756097561,4.1010919157225615e-05,0.9994258471317989
2389,3.0,1.5,1.5,0.7071067811865476,57.27275,2,SANTIGUADERO,SANTIGUADERO,1,False,8,8,1,False,BLANCOS,BLANCOS,0.04878048780487805,3.0758189367919206e-05,0.9994566053211669
2044,3.0,1.5,1.5,0.7071067811865476,32.72728,2,HENDRICKS,HENDRICKS,1,False,6,6,1,False,LICORES,LICORES,0.04878048780487805,3.0758189367919206e-05,0.9994873635105348
2341,3.0,1.0,1.0,0.0,57.272729999999996,3,TXINPANZE BLANCO,TXINPANZE BLANCO,1,False,8,8,1,False,BLANCOS,BLANCOS,0.07317073170731707,3.0758189367919206e-05,0.9995181216999027
2340,3.0,1.0,1.0,0.0,73.63635000000001,3,TXINPANZE TINTO,TXINPANZE TINTO,1,False,9,9,1,False,TINTOS,TINTOS,0.07317073170731707,3.0758189367919206e-05,0.9995488798892707
2288,3.0,1.5,1.5,0.7071067811865476,73.63635000000001,2,POSTALES DE FIN DEL MUNDO,POSTALES DE FIN DEL MUNDO,1,False,9,9,1,False,TINTOS,TINTOS,0.04878048780487805,3.0758189367919206e-05,0.9995796380786386
2229,3.0,1.0,1.0,0.0,29.09088,3,GLENFIDDICH 12,GLENFIDDICH 12,1,False,6,6,1,False,LICORES,LICORES,0.07317073170731707,3.0758189367919206e-05,0.9996103962680065
1780,3.0,1.0,1.0,0.0,21.81816,3,BALLANTINES,BALLANTINES,1,False,6,6,1,False,LICORES,LICORES,0.07317073170731707,3.0758189367919206e-05,0.9996411544573744
57,2.0,2.0,2.0,,7.27273,1,MARTINI BLANCO,MARTINI BLANCO,1,False,6,6,1,False,LICORES,LICORES,0.024390243902439025,2.0505459578612807e-05,0.9996616599169531
1985,2.0,1.0,1.0,0.0,18.18184,2,FLOR DE CAÑA 7 AÑOS,FLOR DE CAÑA 7 AÑOS,1,False,6,6,1,False,LICORES,LICORES,0.04878048780487805,2.0505459578612807e-05,0.9996821653765318
2114,2.0,1.0,1.0,0.0,18.181820000000002,2,TANQUERAY RANGPUR,TANQUERAY RANGPUR,1,False,6,6,1,False,LICORES,LICORES,0.04878048780487805,2.0505459578612807e-05,0.9997026708361104
2054,2.0,1.0,1.0,0.0,37.27272,2,SOLAGÜEN BLANCO,SOLAGÜEN BLANCO,1,False,8,8,1,False,BLANCOS,BLANCOS,0.04878048780487805,2.0505459578612807e-05,0.9997231762956891
2038,2.0,2.0,2.0,,18.181820000000002,1,LARIOS 12,LARIOS 12,1,False,6,6,1,False,LICORES,LICORES,0.024390243902439025,2.0505459578612807e-05,0.9997436817552677
2011,2.0,1.0,1.0,0.0,18.18181,2,JACK DANIELS,JACK DANIELS,1,False,6,6,1,False,LICORES,LICORES,0.04878048780487805,2.0505459578612807e-05,0.9997641872148464
2120,2.0,1.0,1.0,0.0,18.18181,2,HABANA 7,HABANA 7,1,False,6,6,1,False,LICORES,LICORES,0.04878048780487805,2.0505459578612807e-05,0.999784692674425
2213,2.0,2.0,2.0,,9.81818,1,JARRA VICTORIA DIEZ,JARRA VICTORIA DIEZ,1,False,5,5,1,False,CERVEZAS,CERVEZAS,0.024390243902439025,2.0505459578612807e-05,0.9998051981340037
2336,2.0,2.0,2.0,,6.9091,1,TALIMA,TALIMA,1,False,5,5,1,False,CERVEZAS,CERVEZAS,0.024390243902439025,2.0505459578612807e-05,0.9998257035935824
2135,2.0,1.0,1.0,0.0,3.99999,2,ZURITO,ZURITO,1,False,5,5,1,False,CERVEZAS,CERVEZAS,0.04878048780487805,2.0505459578612807e-05,0.999846209053161
34012,2.0,2.0,2.0,,14.54546,1,MAGNO,MAGNO,1,False,6,6,1,False,LICORES,LICORES,0.024390243902439025,2.0505459578612807e-05,0.9998667145127397
2357,2.0,1.0,1.0,0.0,52.72728,2,MUGA CRIANZA,MUGA CRIANZA,1,False,9,9,1,False,TINTOS,TINTOS,0.04878048780487805,2.0505459578612807e-05,0.9998872199723183
2017,1.0,1.0,1.0,,3.45454,1,ZUMO DE NARANJA  NATURAL,ZUMO DE NARANJA  NATURAL,1,False,4,4,1,False,REFRESCOS,REFRESCOS,0.024390243902439025,1.0252729789306404e-05,0.9998974727021076
2045,1.0,1.0,1.0,,9.090910000000001,1,AMARETTO DISARONNO,AMARETTO DISARONNO,1,False,6,6,1,False,LICORES,LICORES,0.024390243902439025,1.0252729789306404e-05,0.9999077254318969
2228,1.0,1.0,1.0,,6.81818,1,TARTA DE QUESO CON CHOCOLATE,TARTA DE QUESO CON CHOCOLATE,1,False,13,13,1,False,POSTRES,POSTRES,0.024390243902439025,1.0252729789306404e-05,0.9999179781616861
2310,1.0,1.0,1.0,,9.090910000000001,1,RONSSE LEGENDARIO,RONSSE LEGENDARIO,1,False,6,6,1,False,LICORES,LICORES,0.024390243902439025,1.0252729789306404e-05,0.9999282308914754
2304,1.0,1.0,1.0,,7.27273,1,MINI TORTILLA CON TRUFA,MINI TORTILLA CON TRUFA,1,False,1,1,1,False,TAPAS CALIENTES,TAPAS CALIENTES,0.024390243902439025,1.0252729789306404e-05,0.9999384836212647
2268,1.0,1.0,1.0,,22.727269999999997,1,CAN MATONS,CAN MATONS,1,False,8,8,1,False,BLANCOS,BLANCOS,0.024390243902439025,1.0252729789306404e-05,0.999948736351054
2353,1.0,1.0,1.0,,25.454549999999998,1,MARQUES DE ATRIO,MARQUES DE ATRIO,1,False,9,9,1,False,TINTOS,TINTOS,0.024390243902439025,1.0252729789306404e-05,0.9999589890808432
2365,1.0,1.0,1.0,,25.454549999999998,1,TERRAS GAUDA,TERRAS GAUDA,1,False,8,8,1,False,BLANCOS,BLANCOS,0.024390243902439025,1.0252729789306404e-05,0.9999692418106325
34007,1.0,1.0,1.0,,7.2727200000000005,1,DYC,DYC,1,False,6,6,1,False,LICORES,LICORES,0.024390243902439025,1.0252729789306404e-05,0.9999794945404218
34014,1.0,1.0,1.0,,19.545450000000002,1,LUBINA  AL HORNO,LUBINA  AL HORNO,1,False,14,14,1,False,SUGERENCIAS,SUGERENCIAS,0.024390243902439025,1.0252729789306404e-05,0.9999897472702111
34018,1.0,1.0,1.0,,22.727269999999997,1,MARICHAL RESERVA  TANNAT,MARICHAL RESERVA  TANNAT,1,False,9,9,1,False,TINTOS,TINTOS,0.024390243902439025,1.0252729789306404e-05,1.0000000000000004
